,Year,Value,country
0,1920,-0.94,uganda
1,1921,-0.75,uganda
2,1922,-1.04,uganda
3,1923,-0.99,uganda
4,1924,-0.5,uganda
5,1925,-0.68,uganda
6,1926,-0.71,uganda
7,1927,-0.44,uganda
8,1928,-0.42,uganda
9,1929,-0.5,uganda
10,1930,-0.8,uganda
11,1931,-0.26,uganda
12,1932,-0.56,uganda
13,1933,-0.42,uganda
14,1934,-0.44,uganda
15,1935,-0.61,uganda
16,1936,-0.66,uganda
17,1937,-0.64,uganda
18,1938,-0.67,uganda
19,1939,-0.66,uganda
20,1940,-0.48,uganda
21,1941,-0.21,uganda
22,1942,-0.52,uganda
23,1943,-0.48,uganda
24,1944,-0.61,uganda
25,1945,-0.57,uganda
26,1946,-0.55,uganda
27,1947,-0.81,uganda
28,1948,-0.61,uganda
29,1949,-0.42,uganda
30,1950,-0.7,uganda
31,1951,-0.81,uganda
32,1952,-0.57,uganda
33,1953,-0.25,uganda
34,1954,-0.6,uganda
35,1955,-0.84,uganda
36,1956,-1.0,uganda
37,1957,-0.59,uganda
38,1958,-0.13,uganda
39,1959,-0.47,uganda
40,1960,-0.59,uganda
41,1961,-0.78,uganda
42,1962,-0.87,uganda
43,1963,-0.87,uganda
44,1964,-0.92,uganda
45,1965,-0.61,uganda
46,1966,-0.64,uganda
47,1967,-0.86,uganda
48,1968,-0.95,uganda
49,1969,-0.46,uganda
50,1970,-0.69,uganda
51,1971,-0.87,uganda
52,1972,-0.53,uganda
53,1973,-0.42,uganda
54,1974,-0.82,uganda
55,1975,-0.67,uganda
56,1976,-0.57,uganda
57,1977,-0.47,uganda
58,1978,-0.49,uganda
59,1979,-0.34,uganda
60,1980,-0.24,uganda
61,1981,-0.42,uganda
62,1982,-0.33,uganda
63,1983,-0.07,uganda
64,1984,-0.36,uganda
65,1985,-0.42,uganda
66,1986,-0.39,uganda
67,1987,0.1,uganda
68,1988,-0.27,uganda
69,1989,-0.54,uganda
70,1990,-0.28,uganda
71,1991,-0.25,uganda
72,1992,-0.18,uganda
73,1993,-0.11,uganda
74,1994,-0.26,uganda
75,1995,-0.06,uganda
76,1996,-0.12,uganda
77,1997,0.13,uganda
78,1998,-0.03,uganda
79,1999,-0.15,uganda
80,2000,0.06,uganda
81,2001,-0.19,uganda
82,2002,0.35,uganda
83,2003,0.43,uganda
84,2004,0.37,uganda
85,2005,0.8,uganda
86,2006,0.36,uganda
87,2007,0.13,uganda
88,2008,0.29,uganda
89,2009,0.67,uganda
90,2010,0.72,uganda
91,2011,0.64,uganda
92,2012,0.52,uganda
93,2013,0.44,uganda
94,2014,0.33,uganda
95,2015,0.73,uganda
96,2016,0.74,uganda
97,2017,0.86,uganda
98,2018,0.52,uganda
0,1920,-0.69,nepal
1,1921,-0.41,nepal
2,1922,-0.79,nepal
3,1923,-0.58,nepal
4,1924,-0.58,nepal
5,1925,-0.91,nepal
6,1926,-0.69,nepal
7,1927,-0.81,nepal
8,1928,-0.42,nepal
9,1929,-0.49,nepal
10,1930,-0.62,nepal
11,1931,-0.37,nepal
12,1932,-0.21,nepal
13,1933,-0.74,nepal
14,1934,-0.47,nepal
15,1935,-0.6,nepal
16,1936,-0.53,nepal
17,1937,-0.71,nepal
18,1938,-0.56,nepal
19,1939,-0.28,nepal
20,1940,-0.41,nepal
21,1941,0.03,nepal
22,1942,-0.31,nepal
23,1943,-0.57,nepal
24,1944,-0.53,nepal
25,1945,-0.74,nepal
26,1946,-0.35,nepal
27,1947,0.18,nepal
28,1948,-0.32,nepal
29,1949,-0.24,nepal
30,1950,-0.75,nepal
31,1951,-0.02,nepal
32,1952,0.08,nepal
33,1953,-0.14,nepal
34,1954,-0.33,nepal
35,1955,-0.57,nepal
36,1956,-0.55,nepal
37,1957,-0.38,nepal
38,1958,0.23,nepal
39,1959,-0.25,nepal
40,1960,-0.25,nepal
41,1961,-0.75,nepal
42,1962,-0.49,nepal
43,1963,-0.32,nepal
44,1964,-0.31,nepal
45,1965,-0.16,nepal
46,1966,0.28,nepal
47,1967,-0.48,nepal
48,1968,-0.43,nepal
49,1969,0.16,nepal
50,1970,-0.15,nepal
51,1971,-0.8,nepal
52,1972,-0.26,nepal
53,1973,-0.02,nepal
54,1974,-0.24,nepal
55,1975,-0.51,nepal
56,1976,-0.18,nepal
57,1977,-0.21,nepal
58,1978,-0.6,nepal
59,1979,0.08,nepal
60,1980,-0.15,nepal
61,1981,-0.36,nepal
62,1982,-0.46,nepal
63,1983,-0.83,nepal
64,1984,-0.26,nepal
65,1985,0.17,nepal
66,1986,-0.45,nepal
67,1987,0.08,nepal
68,1988,0.36,nepal
69,1989,-0.37,nepal
70,1990,-0.23,nepal
71,1991,-0.18,nepal
72,1992,-0.25,nepal
73,1993,-0.24,nepal
74,1994,-0.08,nepal
75,1995,0.0,nepal
76,1996,-0.07,nepal
77,1997,-0.57,nepal
78,1998,0.27,nepal
79,1999,0.2,nepal
80,2000,-0.17,nepal
81,2001,-0.04,nepal
82,2002,0.6,nepal
83,2003,0.06,nepal
84,2004,0.19,nepal
85,2005,0.4,nepal
86,2006,0.43,nepal
87,2007,0.11,nepal
88,2008,-0.07,nepal
89,2009,0.77,nepal
90,2010,1.0,nepal
91,2011,-0.07,nepal
92,2012,0.17,nepal
93,2013,-0.02,nepal
94,2014,0.02,nepal
95,2015,0.33,nepal
96,2016,0.52,nepal
97,2017,0.5,nepal
98,2018,0.43,nepal
0,1920,-0.56,mozambique
1,1921,-0.82,mozambique
2,1922,-0.49,mozambique
3,1923,-0.41,mozambique
4,1924,-0.73,mozambique
5,1925,-0.54,mozambique
6,1926,-0.42,mozambique
7,1927,-0.7,mozambique
8,1928,-0.6,mozambique
9,1929,-0.53,mozambique
10,1930,-0.9,mozambique
11,1931,-0.26,mozambique
12,1932,-0.61,mozambique
13,1933,-0.63,mozambique
14,1934,-0.4,mozambique
15,1935,-0.93,mozambique
16,1936,-0.46,mozambique
17,1937,-0.45,mozambique
18,1938,-0.47,mozambique
19,1939,-0.56,mozambique
20,1940,-0.2,mozambique
21,1941,0.26,mozambique
22,1942,0.12,mozambique
23,1943,-0.23,mozambique
24,1944,-0.3,mozambique
25,1945,-0.21,mozambique
26,1946,-0.35,mozambique
27,1947,-0.17,mozambique
28,1948,-0.41,mozambique
29,1949,-0.28,mozambique
30,1950,-0.5,mozambique
31,1951,-0.74,mozambique
32,1952,-0.2,mozambique
33,1953,-0.41,mozambique
34,1954,-0.45,mozambique
35,1955,-0.66,mozambique
36,1956,-0.6,mozambique
37,1957,-0.26,mozambique
38,1958,-0.17,mozambique
39,1959,-0.49,mozambique
40,1960,-0.56,mozambique
41,1961,-0.08,mozambique
42,1962,-0.28,mozambique
43,1963,-0.56,mozambique
44,1964,-0.61,mozambique
45,1965,-0.89,mozambique
46,1966,-0.24,mozambique
47,1967,-0.24,mozambique
48,1968,-0.78,mozambique
49,1969,0.1,mozambique
50,1970,-0.17,mozambique
51,1971,-0.41,mozambique
52,1972,-0.35,mozambique
53,1973,-0.05,mozambique
54,1974,-0.37,mozambique
55,1975,-0.45,mozambique
56,1976,-0.44,mozambique
57,1977,0.12,mozambique
58,1978,0.05,mozambique
59,1979,-0.14,mozambique
60,1980,-0.19,mozambique
61,1981,-0.32,mozambique
62,1982,-0.22,mozambique
63,1983,0.35,mozambique
64,1984,-0.3,mozambique
65,1985,-0.28,mozambique
66,1986,-0.23,mozambique
67,1987,0.07,mozambique
68,1988,0.05,mozambique
69,1989,-0.35,mozambique
70,1990,0.01,mozambique
71,1991,-0.09,mozambique
72,1992,-0.02,mozambique
73,1993,-0.16,mozambique
74,1994,-0.48,mozambique
75,1995,0.18,mozambique
76,1996,-0.01,mozambique
77,1997,-0.06,mozambique
78,1998,0.46,mozambique
79,1999,0.0,mozambique
80,2000,-0.07,mozambique
81,2001,0.09,mozambique
82,2002,0.03,mozambique
83,2003,0.02,mozambique
84,2004,0.02,mozambique
85,2005,0.32,mozambique
86,2006,0.09,mozambique
87,2007,0.25,mozambique
88,2008,-0.17,mozambique
89,2009,0.21,mozambique
90,2010,0.6,mozambique
91,2011,0.29,mozambique
92,2012,0.2,mozambique
93,2013,0.04,mozambique
94,2014,0.2,mozambique
95,2015,0.62,mozambique
96,2016,0.57,mozambique
97,2017,0.46,mozambique
98,2018,0.33,mozambique
0,1920,-0.95,south_sudan
1,1921,-1.67,south_sudan
2,1922,-1.33,south_sudan
3,1923,-2.02,south_sudan
4,1924,-0.78,south_sudan
5,1925,-1.61,south_sudan
6,1926,-0.61,south_sudan
7,1927,-0.56,south_sudan
8,1928,-0.89,south_sudan
9,1929,-1.68,south_sudan
10,1930,-0.81,south_sudan
11,1931,-0.59,south_sudan
12,1932,-1.62,south_sudan
13,1933,-1.46,south_sudan
14,1934,-1.39,south_sudan
15,1935,-1.22,south_sudan
16,1936,-1.15,south_sudan
17,1937,-0.57,south_sudan
18,1938,-1.98,south_sudan
19,1939,-1.57,south_sudan
20,1940,-1.55,south_sudan
21,1941,-1.13,south_sudan
22,1942,-0.93,south_sudan
23,1943,-0.98,south_sudan
24,1944,-1.55,south_sudan
25,1945,-0.59,south_sudan
26,1946,-0.91,south_sudan
27,1947,-0.29,south_sudan
28,1948,-0.82,south_sudan
29,1949,-0.82,south_sudan
30,1950,-1.12,south_sudan
31,1951,-0.96,south_sudan
32,1952,-0.81,south_sudan
33,1953,-1.36,south_sudan
34,1954,-1.77,south_sudan
35,1955,-0.24,south_sudan
36,1956,-1.77,south_sudan
37,1957,-1.54,south_sudan
38,1958,-0.64,south_sudan
39,1959,-1.14,south_sudan
40,1960,-0.58,south_sudan
41,1961,-0.62,south_sudan
42,1962,-0.79,south_sudan
43,1963,-0.71,south_sudan
44,1964,-1.02,south_sudan
45,1965,-1.05,south_sudan
46,1966,-0.78,south_sudan
47,1967,-1.27,south_sudan
48,1968,-0.96,south_sudan
49,1969,-0.96,south_sudan
50,1970,-1.11,south_sudan
51,1971,-1.46,south_sudan
52,1972,-1.47,south_sudan
53,1973,-0.98,south_sudan
54,1974,-1.59,south_sudan
55,1975,-1.48,south_sudan
56,1976,-1.88,south_sudan
57,1977,-0.34,south_sudan
58,1978,-1.18,south_sudan
59,1979,-0.63,south_sudan
60,1980,-1.27,south_sudan
61,1981,-0.47,south_sudan
62,1982,-0.54,south_sudan
63,1983,-0.52,south_sudan
64,1984,-1.07,south_sudan
65,1985,-0.45,south_sudan
66,1986,-0.69,south_sudan
67,1987,0.05,south_sudan
68,1988,0.16,south_sudan
69,1989,-0.09,south_sudan
70,1990,0.0,south_sudan
71,1991,-1.01,south_sudan
72,1992,-0.93,south_sudan
73,1993,-0.22,south_sudan
74,1994,0.31,south_sudan
75,1995,-0.09,south_sudan
76,1996,-0.4,south_sudan
77,1997,0.28,south_sudan
78,1998,-0.21,south_sudan
79,1999,0.99,south_sudan
80,2000,0.04,south_sudan
81,2001,1.12,south_sudan
82,2002,0.59,south_sudan
83,2003,0.63,south_sudan
84,2004,0.05,south_sudan
85,2005,0.22,south_sudan
86,2006,0.54,south_sudan
87,2007,0.36,south_sudan
88,2008,0.47,south_sudan
89,2009,0.11,south_sudan
90,2010,0.8,south_sudan
91,2011,0.21,south_sudan
92,2012,0.7,south_sudan
93,2013,0.56,south_sudan
94,2014,1.13,south_sudan
95,2015,0.32,south_sudan
96,2016,1.09,south_sudan
97,2017,0.37,south_sudan
98,2018,0.68,south_sudan
0,1921,-1.15,chad
1,1925,-0.63,chad
2,1926,-0.88,chad
3,1927,-0.91,chad
4,1929,-0.76,chad
5,1930,-0.22,chad
6,1931,0.47,chad
7,1932,-0.3,chad
8,1933,0.02,chad
9,1934,-0.53,chad
10,1935,-0.32,chad
11,1936,-0.55,chad
12,1937,-0.82,chad
13,1938,-0.24,chad
14,1939,0.07,chad
15,1940,0.07,chad
16,1941,0.56,chad
17,1942,0.12,chad
18,1943,-0.81,chad
19,1944,-0.47,chad
20,1945,-1.07,chad
21,1946,-0.59,chad
22,1947,-0.22,chad
23,1948,-1.04,chad
24,1949,-0.68,chad
25,1950,-1.2,chad
26,1951,-0.91,chad
27,1952,-0.35,chad
28,1953,-0.66,chad
29,1954,-0.57,chad
30,1955,-0.61,chad
31,1956,-0.73,chad
32,1957,-0.49,chad
33,1958,-0.3,chad
34,1959,-0.88,chad
35,1960,-0.13,chad
36,1961,-1.71,chad
37,1962,-0.36,chad
38,1963,-0.17,chad
39,1964,-0.74,chad
40,1965,-0.7,chad
41,1966,-0.49,chad
42,1967,-0.9,chad
43,1968,-0.69,chad
44,1969,0.45,chad
45,1970,-0.7,chad
46,1971,-0.73,chad
47,1972,-0.2,chad
48,1973,-0.18,chad
49,1974,-0.85,chad
50,1975,-0.73,chad
51,1976,-0.1,chad
52,1977,-1.09,chad
53,1978,-0.39,chad
54,1979,-0.12,chad
55,1980,0.09,chad
56,1981,-0.41,chad
57,1982,-0.38,chad
58,1983,-0.71,chad
59,1984,-0.17,chad
60,1985,-0.37,chad
61,1986,-0.17,chad
62,1987,0.17,chad
63,1988,-0.19,chad
64,1989,-1.16,chad
65,1990,0.0,chad
66,1991,0.03,chad
67,1992,-0.99,chad
68,1993,-0.28,chad
69,1994,-0.58,chad
70,1995,-0.1,chad
71,1996,0.35,chad
72,1997,0.01,chad
73,1998,0.69,chad
74,1999,0.2,chad
75,2000,-0.13,chad
76,2001,-0.17,chad
77,2002,0.31,chad
78,2003,0.28,chad
79,2004,0.3,chad
80,2005,0.68,chad
81,2006,0.59,chad
82,2007,0.22,chad
83,2008,-0.06,chad
84,2009,0.89,chad
85,2010,1.17,chad
86,2011,0.31,chad
87,2012,0.53,chad
88,2013,0.48,chad
89,2014,0.65,chad
90,2015,0.59,chad
91,2016,0.93,chad
92,2017,0.56,chad
93,2018,1.05,chad
0,1921,-1.1,cameroon
1,1922,-0.73,cameroon
2,1923,-0.98,cameroon
3,1924,-0.61,cameroon
4,1925,-0.87,cameroon
5,1926,-0.56,cameroon
6,1927,-0.7,cameroon
7,1928,-0.59,cameroon
8,1929,-0.76,cameroon
9,1930,-0.7,cameroon
10,1931,-0.04,cameroon
11,1932,-0.53,cameroon
12,1933,-0.39,cameroon
13,1934,-0.69,cameroon
14,1935,-0.66,cameroon
15,1936,-0.66,cameroon
16,1937,-0.6,cameroon
17,1938,-0.47,cameroon
18,1939,-0.65,cameroon
19,1940,-0.43,cameroon
20,1941,-0.04,cameroon
21,1942,-0.09,cameroon
22,1943,-0.81,cameroon
23,1944,-0.6,cameroon
24,1945,-0.6,cameroon
25,1946,-0.54,cameroon
26,1947,-0.41,cameroon
27,1948,-0.81,cameroon
28,1949,-0.47,cameroon
29,1950,-0.85,cameroon
30,1951,-0.62,cameroon
31,1952,-0.52,cameroon
32,1953,-0.59,cameroon
33,1954,-0.71,cameroon
34,1955,-0.8,cameroon
35,1956,-0.67,cameroon
36,1957,-0.48,cameroon
37,1958,-0.19,cameroon
38,1959,-0.46,cameroon
39,1960,-0.48,cameroon
40,1961,-0.72,cameroon
41,1962,-0.64,cameroon
42,1963,-0.41,cameroon
43,1964,-0.69,cameroon
44,1965,-0.55,cameroon
45,1966,-0.45,cameroon
46,1967,-0.54,cameroon
47,1968,-0.56,cameroon
48,1969,-0.28,cameroon
49,1970,-0.37,cameroon
50,1971,-0.62,cameroon
51,1972,-0.41,cameroon
52,1973,0.11,cameroon
53,1974,-0.7,cameroon
54,1975,-0.67,cameroon
55,1976,-0.57,cameroon
56,1977,-0.27,cameroon
57,1978,-0.46,cameroon
58,1979,-0.1,cameroon
59,1980,-0.03,cameroon
60,1981,-0.47,cameroon
61,1982,-0.3,cameroon
62,1983,-0.09,cameroon
63,1984,-0.13,cameroon
64,1985,-0.35,cameroon
65,1986,-0.32,cameroon
66,1987,0.25,cameroon
67,1988,-0.26,cameroon
68,1989,-0.9,cameroon
69,1990,-0.06,cameroon
70,1991,-0.22,cameroon
71,1992,-0.55,cameroon
72,1993,-0.03,cameroon
73,1994,-0.4,cameroon
74,1995,-0.07,cameroon
75,1996,-0.05,cameroon
76,1997,-0.05,cameroon
77,1998,0.55,cameroon
78,1999,0.17,cameroon
79,2000,-0.15,cameroon
80,2001,-0.02,cameroon
81,2002,0.25,cameroon
82,2003,0.4,cameroon
83,2004,0.14,cameroon
84,2005,0.6,cameroon
85,2006,0.2,cameroon
86,2007,0.23,cameroon
87,2008,0.09,cameroon
88,2009,0.75,cameroon
89,2010,0.81,cameroon
90,2011,0.31,cameroon
91,2012,0.15,cameroon
92,2013,0.57,cameroon
93,2014,0.47,cameroon
94,2015,0.7,cameroon
95,2016,0.8,cameroon
96,2017,0.6,cameroon
97,2018,0.59,cameroon
0,1920,-0.82,kenya
1,1921,-0.83,kenya
2,1922,-0.71,kenya
3,1923,-0.76,kenya
4,1924,-0.72,kenya
5,1925,-0.82,kenya
6,1926,-0.61,kenya
7,1927,-0.65,kenya
8,1928,-0.5,kenya
9,1929,-0.61,kenya
10,1930,-0.7,kenya
11,1931,-0.41,kenya
12,1932,-0.61,kenya
13,1933,-0.42,kenya
14,1934,-0.6,kenya
15,1935,-0.7,kenya
16,1936,-0.7,kenya
17,1937,-0.67,kenya
18,1938,-0.57,kenya
19,1939,-0.68,kenya
20,1940,-0.52,kenya
21,1941,-0.31,kenya
22,1942,-0.38,kenya
23,1943,-0.51,kenya
24,1944,-0.54,kenya
25,1945,-0.46,kenya
26,1946,-0.44,kenya
27,1947,-0.66,kenya
28,1948,-0.69,kenya
29,1949,-0.47,kenya
30,1950,-0.85,kenya
31,1951,-0.87,kenya
32,1952,-0.58,kenya
33,1953,-0.64,kenya
34,1954,-0.79,kenya
35,1955,-0.76,kenya
36,1956,-0.97,kenya
37,1957,-0.73,kenya
38,1958,-0.52,kenya
39,1959,-0.5,kenya
40,1960,-0.61,kenya
41,1961,-0.47,kenya
42,1962,-0.87,kenya
43,1963,-0.73,kenya
44,1964,-1.0,kenya
45,1965,-0.66,kenya
46,1966,-0.52,kenya
47,1967,-0.62,kenya
48,1968,-0.85,kenya
49,1969,-0.5,kenya
50,1970,-0.5,kenya
51,1971,-0.81,kenya
52,1972,-0.29,kenya
53,1973,-0.09,kenya
54,1974,-0.71,kenya
55,1975,-0.65,kenya
56,1976,-0.27,kenya
57,1977,-0.38,kenya
58,1978,-0.46,kenya
59,1979,-0.35,kenya
60,1980,0.08,kenya
61,1981,-0.38,kenya
62,1982,-0.24,kenya
63,1983,0.12,kenya
64,1984,-0.26,kenya
65,1985,-0.49,kenya
66,1986,-0.29,kenya
67,1987,0.23,kenya
68,1988,-0.07,kenya
69,1989,-0.56,kenya
70,1990,-0.37,kenya
71,1991,-0.09,kenya
72,1992,-0.13,kenya
73,1993,-0.38,kenya
74,1994,-0.14,kenya
75,1995,-0.04,kenya
76,1996,-0.11,kenya
77,1997,0.0,kenya
78,1998,-0.14,kenya
79,1999,-0.28,kenya
80,2000,0.2,kenya
81,2001,0.03,kenya
82,2002,0.26,kenya
83,2003,0.44,kenya
84,2004,0.26,kenya
85,2005,0.37,kenya
86,2006,0.32,kenya
87,2007,0.22,kenya
88,2008,0.37,kenya
89,2009,0.76,kenya
90,2010,0.39,kenya
91,2011,0.44,kenya
92,2012,0.35,kenya
93,2013,0.32,kenya
94,2014,0.43,kenya
95,2015,0.72,kenya
96,2016,0.76,kenya
97,2017,0.73,kenya
98,2018,0.15,kenya
0,1920,-0.93,ethiopia
1,1921,-0.77,ethiopia
2,1922,-0.76,ethiopia
3,1923,-0.72,ethiopia
4,1924,-0.67,ethiopia
5,1925,-0.77,ethiopia
6,1926,-0.59,ethiopia
7,1927,-0.72,ethiopia
8,1928,-0.41,ethiopia
9,1929,-0.62,ethiopia
10,1930,-0.58,ethiopia
11,1931,-0.23,ethiopia
12,1932,-0.55,ethiopia
13,1933,-0.18,ethiopia
14,1934,-0.56,ethiopia
15,1935,-0.64,ethiopia
16,1936,-0.66,ethiopia
17,1937,-0.72,ethiopia
18,1938,-0.55,ethiopia
19,1939,-0.53,ethiopia
20,1940,-0.49,ethiopia
21,1941,-0.21,ethiopia
22,1942,-0.31,ethiopia
23,1943,-0.52,ethiopia
24,1944,-0.61,ethiopia
25,1945,-0.57,ethiopia
26,1946,-0.57,ethiopia
27,1947,-0.39,ethiopia
28,1948,-0.45,ethiopia
29,1949,-0.28,ethiopia
30,1950,-0.57,ethiopia
31,1951,-0.57,ethiopia
32,1952,-0.56,ethiopia
33,1953,-0.45,ethiopia
34,1954,-0.61,ethiopia
35,1955,-0.67,ethiopia
36,1956,-0.9,ethiopia
37,1957,-0.46,ethiopia
38,1958,-0.14,ethiopia
39,1959,-0.09,ethiopia
40,1960,-0.35,ethiopia
41,1961,-0.44,ethiopia
42,1962,-0.6,ethiopia
43,1963,-0.59,ethiopia
44,1964,-0.78,ethiopia
45,1965,-0.76,ethiopia
46,1966,-0.68,ethiopia
47,1967,-0.91,ethiopia
48,1968,-1.07,ethiopia
49,1969,-0.46,ethiopia
50,1970,-0.5,ethiopia
51,1971,-0.82,ethiopia
52,1972,-0.44,ethiopia
53,1973,-0.06,ethiopia
54,1974,-0.81,ethiopia
55,1975,-0.71,ethiopia
56,1976,-0.51,ethiopia
57,1977,-0.34,ethiopia
58,1978,-0.47,ethiopia
59,1979,-0.19,ethiopia
60,1980,0.07,ethiopia
61,1981,-0.19,ethiopia
62,1982,-0.2,ethiopia
63,1983,0.03,ethiopia
64,1984,-0.37,ethiopia
65,1985,-0.6,ethiopia
66,1986,-0.36,ethiopia
67,1987,0.03,ethiopia
68,1988,0.04,ethiopia
69,1989,-0.59,ethiopia
70,1990,-0.21,ethiopia
71,1991,0.13,ethiopia
72,1992,-0.1,ethiopia
73,1993,-0.24,ethiopia
74,1994,-0.13,ethiopia
75,1995,0.12,ethiopia
76,1996,-0.01,ethiopia
77,1997,0.15,ethiopia
78,1998,0.18,ethiopia
79,1999,-0.24,ethiopia
80,2000,-0.18,ethiopia
81,2001,-0.06,ethiopia
82,2002,0.47,ethiopia
83,2003,0.25,ethiopia
84,2004,0.23,ethiopia
85,2005,0.28,ethiopia
86,2006,0.37,ethiopia
87,2007,0.23,ethiopia
88,2008,0.07,ethiopia
89,2009,0.53,ethiopia
90,2010,0.37,ethiopia
91,2011,0.45,ethiopia
92,2012,0.51,ethiopia
93,2013,0.58,ethiopia
94,2014,0.52,ethiopia
95,2015,0.83,ethiopia
96,2016,0.9,ethiopia
97,2017,0.79,ethiopia
98,2018,0.53,ethiopia
0,1920,-0.66,malawi
1,1921,-0.83,malawi
2,1922,-0.28,malawi
3,1923,-0.66,malawi
4,1924,-0.46,malawi
5,1925,-0.71,malawi
6,1926,-0.58,malawi
7,1927,-0.35,malawi
8,1928,-0.39,malawi
9,1929,-0.6,malawi
10,1930,-0.97,malawi
11,1931,-0.31,malawi
12,1932,-0.62,malawi
13,1933,-0.6,malawi
14,1934,-0.63,malawi
15,1935,-0.72,malawi
16,1936,-0.62,malawi
17,1937,-0.4,malawi
18,1938,-0.39,malawi
19,1939,-0.62,malawi
20,1940,-0.43,malawi
21,1941,-0.06,malawi
22,1942,-0.22,malawi
23,1943,-0.49,malawi
24,1944,-0.25,malawi
25,1945,-0.42,malawi
26,1946,-0.4,malawi
27,1947,-0.39,malawi
28,1948,-0.39,malawi
29,1949,-0.01,malawi
30,1950,-0.72,malawi
31,1951,-0.55,malawi
32,1952,-0.32,malawi
33,1953,-0.44,malawi
34,1954,-0.49,malawi
35,1955,-0.54,malawi
36,1956,-0.88,malawi
37,1957,-0.42,malawi
38,1958,-0.18,malawi
39,1959,-0.28,malawi
40,1960,-0.53,malawi
41,1961,-0.3,malawi
42,1962,-0.59,malawi
43,1963,-0.85,malawi
44,1964,-0.8,malawi
45,1965,-0.97,malawi
46,1966,-0.28,malawi
47,1967,-0.5,malawi
48,1968,-0.74,malawi
49,1969,-0.14,malawi
50,1970,-0.29,malawi
51,1971,-0.72,malawi
52,1972,-0.32,malawi
53,1973,-0.22,malawi
54,1974,-0.78,malawi
55,1975,-0.63,malawi
56,1976,-0.59,malawi
57,1977,-0.05,malawi
58,1978,-0.34,malawi
59,1979,-0.31,malawi
60,1980,-0.29,malawi
61,1981,-0.7,malawi
62,1982,-0.52,malawi
63,1983,0.3,malawi
64,1984,-0.29,malawi
65,1985,-0.54,malawi
66,1986,-0.33,malawi
67,1987,0.2,malawi
68,1988,0.04,malawi
69,1989,-0.38,malawi
70,1990,0.2,malawi
71,1991,-0.31,malawi
72,1992,-0.2,malawi
73,1993,-0.36,malawi
74,1994,-0.23,malawi
75,1995,0.22,malawi
76,1996,-0.14,malawi
77,1997,0.14,malawi
78,1998,0.38,malawi
79,1999,-0.17,malawi
80,2000,-0.16,malawi
81,2001,0.05,malawi
82,2002,0.09,malawi
83,2003,0.29,malawi
84,2004,0.29,malawi
85,2005,0.54,malawi
86,2006,0.0,malawi
87,2007,0.34,malawi
88,2008,0.15,malawi
89,2009,0.36,malawi
90,2010,0.76,malawi
91,2011,0.64,malawi
92,2012,0.62,malawi
93,2013,0.52,malawi
94,2014,0.24,malawi
95,2015,1.02,malawi
96,2016,0.97,malawi
97,2017,0.72,malawi
98,2018,0.76,malawi
0,1920,-1.03,burkina_faso
1,1921,-1.2,burkina_faso
2,1922,-1.14,burkina_faso
3,1923,-1.41,burkina_faso
4,1924,-0.92,burkina_faso
5,1925,-0.96,burkina_faso
6,1926,-0.64,burkina_faso
7,1927,-1.07,burkina_faso
8,1928,-0.65,burkina_faso
9,1929,-1.0,burkina_faso
10,1930,-0.71,burkina_faso
11,1931,-0.31,burkina_faso
12,1932,-0.63,burkina_faso
13,1933,-0.89,burkina_faso
14,1934,-0.94,burkina_faso
15,1935,-1.01,burkina_faso
16,1936,-0.8,burkina_faso
17,1937,-0.96,burkina_faso
18,1938,-0.82,burkina_faso
19,1939,-0.79,burkina_faso
20,1940,-0.27,burkina_faso
21,1941,-0.3,burkina_faso
22,1942,-0.57,burkina_faso
23,1943,-0.96,burkina_faso
24,1944,-0.43,burkina_faso
25,1945,-0.88,burkina_faso
26,1946,-1.02,burkina_faso
27,1947,-0.41,burkina_faso
28,1948,-1.01,burkina_faso
29,1949,-0.5,burkina_faso
30,1950,-1.2,burkina_faso
31,1951,-0.77,burkina_faso
32,1952,-1.02,burkina_faso
33,1953,-1.0,burkina_faso
34,1954,-1.03,burkina_faso
35,1955,-1.1,burkina_faso
36,1956,-0.89,burkina_faso
37,1957,-0.95,burkina_faso
38,1958,-0.42,burkina_faso
39,1959,-0.51,burkina_faso
40,1960,-0.83,burkina_faso
41,1961,-1.04,burkina_faso
42,1962,-0.9,burkina_faso
43,1963,-0.52,burkina_faso
44,1964,-0.89,burkina_faso
45,1965,-0.99,burkina_faso
46,1966,-0.66,burkina_faso
47,1967,-0.93,burkina_faso
48,1968,-0.81,burkina_faso
49,1969,-0.17,burkina_faso
50,1970,-0.47,burkina_faso
51,1971,-0.64,burkina_faso
52,1972,-0.53,burkina_faso
53,1973,-0.05,burkina_faso
54,1974,-0.84,burkina_faso
55,1975,-0.85,burkina_faso
56,1976,-1.0,burkina_faso
57,1977,-0.37,burkina_faso
58,1978,-0.3,burkina_faso
59,1979,-0.39,burkina_faso
60,1980,0.17,burkina_faso
61,1981,-0.23,burkina_faso
62,1982,-0.56,burkina_faso
63,1983,0.19,burkina_faso
64,1984,0.01,burkina_faso
65,1985,-0.28,burkina_faso
66,1986,-0.42,burkina_faso
67,1987,0.51,burkina_faso
68,1988,-0.22,burkina_faso
69,1989,-0.45,burkina_faso
70,1990,0.11,burkina_faso
71,1991,-0.25,burkina_faso
72,1992,-0.57,burkina_faso
73,1993,0.11,burkina_faso
74,1994,-0.6,burkina_faso
75,1995,-0.16,burkina_faso
76,1996,0.22,burkina_faso
77,1997,-0.07,burkina_faso
78,1998,0.37,burkina_faso
79,1999,-0.28,burkina_faso
80,2000,-0.08,burkina_faso
81,2001,-0.03,burkina_faso
82,2002,0.36,burkina_faso
83,2003,0.26,burkina_faso
84,2004,0.38,burkina_faso
85,2005,0.68,burkina_faso
86,2006,0.31,burkina_faso
87,2007,0.22,burkina_faso
88,2008,-0.31,burkina_faso
89,2009,0.27,burkina_faso
90,2010,0.52,burkina_faso
91,2011,0.27,burkina_faso
92,2012,-0.09,burkina_faso
93,2013,0.07,burkina_faso
94,2014,0.22,burkina_faso
95,2015,0.31,burkina_faso
96,2016,0.63,burkina_faso
97,2017,0.56,burkina_faso
98,2018,0.44,burkina_faso
0,1921,-1.81,central_african_republic
1,1922,-1.09,central_african_republic
2,1923,-1.59,central_african_republic
3,1924,-0.53,central_african_republic
4,1925,-0.87,central_african_republic
5,1926,-0.74,central_african_republic
6,1927,-0.76,central_african_republic
7,1928,-1.12,central_african_republic
8,1929,-1.66,central_african_republic
9,1930,-0.75,central_african_republic
10,1931,0.1,central_african_republic
11,1932,-0.92,central_african_republic
12,1933,-1.11,central_african_republic
13,1934,-0.92,central_african_republic
14,1935,-0.8,central_african_republic
15,1936,-0.72,central_african_republic
16,1937,-0.53,central_african_republic
17,1938,-0.88,central_african_republic
18,1939,-0.72,central_african_republic
19,1940,-1.08,central_african_republic
20,1941,-0.45,central_african_republic
21,1942,-0.51,central_african_republic
22,1943,-1.38,central_african_republic
23,1944,-0.94,central_african_republic
24,1945,-1.31,central_african_republic
25,1946,-0.94,central_african_republic
26,1947,-0.66,central_african_republic
27,1948,-1.38,central_african_republic
28,1949,-1.08,central_african_republic
29,1950,-1.6,central_african_republic
30,1951,-0.51,central_african_republic
31,1952,-0.93,central_african_republic
32,1953,-1.16,central_african_republic
33,1954,-1.16,central_african_republic
34,1955,-0.56,central_african_republic
35,1956,-1.29,central_african_republic
36,1957,-1.3,central_african_republic
37,1958,-0.47,central_african_republic
38,1959,-0.85,central_african_republic
39,1960,-0.7,central_african_republic
40,1961,-1.3,central_african_republic
41,1962,-0.86,central_african_republic
42,1963,-0.55,central_african_republic
43,1964,-1.21,central_african_republic
44,1965,-1.23,central_african_republic
45,1966,-0.53,central_african_republic
46,1967,-1.15,central_african_republic
47,1968,-0.93,central_african_republic
48,1969,0.08,central_african_republic
49,1970,-0.54,central_african_republic
50,1971,-0.85,central_african_republic
51,1972,-0.78,central_african_republic
52,1973,-0.6,central_african_republic
53,1974,-1.11,central_african_republic
54,1975,-1.14,central_african_republic
55,1976,-1.15,central_african_republic
56,1977,-0.33,central_african_republic
57,1978,-0.45,central_african_republic
58,1979,-0.12,central_african_republic
59,1980,-0.27,central_african_republic
60,1981,-0.3,central_african_republic
61,1982,-0.88,central_african_republic
62,1983,-0.36,central_african_republic
63,1984,-0.54,central_african_republic
64,1985,-0.52,central_african_republic
65,1986,-0.23,central_african_republic
66,1987,0.34,central_african_republic
67,1988,-0.04,central_african_republic
68,1989,-0.67,central_african_republic
69,1990,-0.08,central_african_republic
70,1991,-0.34,central_african_republic
71,1992,-0.94,central_african_republic
72,1993,-0.32,central_african_republic
73,1994,-0.58,central_african_republic
74,1995,-0.21,central_african_republic
75,1996,0.25,central_african_republic
76,1997,-0.1,central_african_republic
77,1998,0.4,central_african_republic
78,1999,0.17,central_african_republic
79,2000,-0.02,central_african_republic
80,2001,0.36,central_african_republic
81,2002,0.31,central_african_republic
82,2003,0.34,central_african_republic
83,2004,0.26,central_african_republic
84,2005,0.41,central_african_republic
85,2006,0.27,central_african_republic
86,2007,0.29,central_african_republic
87,2008,0.11,central_african_republic
88,2009,0.62,central_african_republic
89,2010,2.0,central_african_republic
90,2011,0.45,central_african_republic
91,2012,0.16,central_african_republic
92,2013,0.34,central_african_republic
93,2014,0.51,central_african_republic
94,2015,0.07,central_african_republic
95,2016,1.02,central_african_republic
96,2017,0.19,central_african_republic
97,2018,0.83,central_african_republic
0,1921,-2.02,democratic_republic_of_congo
1,1922,-1.43,democratic_republic_of_congo
2,1923,-2.18,democratic_republic_of_congo
3,1924,-0.78,democratic_republic_of_congo
4,1925,-1.4,democratic_republic_of_congo
5,1926,-0.49,democratic_republic_of_congo
6,1927,-1.1,democratic_republic_of_congo
7,1928,-1.68,democratic_republic_of_congo
8,1929,-1.81,democratic_republic_of_congo
9,1930,-1.17,democratic_republic_of_congo
10,1931,-0.53,democratic_republic_of_congo
11,1932,-1.51,democratic_republic_of_congo
12,1933,-1.36,democratic_republic_of_congo
13,1934,-1.48,democratic_republic_of_congo
14,1935,-1.31,democratic_republic_of_congo
15,1936,-1.08,democratic_republic_of_congo
16,1937,-0.61,democratic_republic_of_congo
17,1938,-1.49,democratic_republic_of_congo
18,1939,-1.48,democratic_republic_of_congo
19,1940,-1.2,democratic_republic_of_congo
20,1941,-0.89,democratic_republic_of_congo
21,1942,-0.76,democratic_republic_of_congo
22,1943,-1.72,democratic_republic_of_congo
23,1944,-1.16,democratic_republic_of_congo
24,1945,-0.87,democratic_republic_of_congo
25,1946,-1.19,democratic_republic_of_congo
26,1947,-0.79,democratic_republic_of_congo
27,1948,-1.35,democratic_republic_of_congo
28,1949,-1.03,democratic_republic_of_congo
29,1950,-1.49,democratic_republic_of_congo
30,1951,-0.96,democratic_republic_of_congo
31,1952,-1.48,democratic_republic_of_congo
32,1953,-1.38,democratic_republic_of_congo
33,1954,-1.67,democratic_republic_of_congo
34,1955,-0.39,democratic_republic_of_congo
35,1956,-1.58,democratic_republic_of_congo
36,1957,-1.71,democratic_republic_of_congo
37,1958,-0.69,democratic_republic_of_congo
38,1959,-1.04,democratic_republic_of_congo
39,1960,-0.94,democratic_republic_of_congo
40,1961,-1.02,democratic_republic_of_congo
41,1962,-1.05,democratic_republic_of_congo
42,1963,-0.83,democratic_republic_of_congo
43,1964,-1.01,democratic_republic_of_congo
44,1965,-1.56,democratic_republic_of_congo
45,1966,-0.75,democratic_republic_of_congo
46,1967,-1.35,democratic_republic_of_congo
47,1968,-1.06,democratic_republic_of_congo
48,1969,-0.45,democratic_republic_of_congo
49,1970,-0.58,democratic_republic_of_congo
50,1971,-1.45,democratic_republic_of_congo
51,1972,-1.35,democratic_republic_of_congo
52,1973,-0.86,democratic_republic_of_congo
53,1974,-1.7,democratic_republic_of_congo
54,1975,-1.46,democratic_republic_of_congo
55,1976,-1.88,democratic_republic_of_congo
56,1977,-0.37,democratic_republic_of_congo
57,1978,-0.41,democratic_republic_of_congo
58,1979,-0.23,democratic_republic_of_congo
59,1980,-0.44,democratic_republic_of_congo
60,1981,-0.33,democratic_republic_of_congo
61,1982,-1.0,democratic_republic_of_congo
62,1983,0.09,democratic_republic_of_congo
63,1984,-0.8,democratic_republic_of_congo
64,1985,-0.55,democratic_republic_of_congo
65,1986,-0.88,democratic_republic_of_congo
66,1987,0.49,democratic_republic_of_congo
67,1988,-0.15,democratic_republic_of_congo
68,1989,-0.21,democratic_republic_of_congo
69,1990,0.3,democratic_republic_of_congo
70,1991,-0.71,democratic_republic_of_congo
71,1992,-1.01,democratic_republic_of_congo
72,1993,-0.31,democratic_republic_of_congo
73,1994,-0.52,democratic_republic_of_congo
74,1995,-0.03,democratic_republic_of_congo
75,1996,0.24,democratic_republic_of_congo
76,1997,0.02,democratic_republic_of_congo
77,1998,0.42,democratic_republic_of_congo
78,1999,0.12,democratic_republic_of_congo
79,2000,-0.03,democratic_republic_of_congo
80,2001,0.66,democratic_republic_of_congo
81,2002,0.5,democratic_republic_of_congo
82,2003,0.41,democratic_republic_of_congo
83,2004,0.35,democratic_republic_of_congo
84,2005,0.59,democratic_republic_of_congo
85,2006,0.41,democratic_republic_of_congo
86,2007,0.22,democratic_republic_of_congo
87,2008,0.09,democratic_republic_of_congo
88,2009,0.19,democratic_republic_of_congo
89,2010,1.44,democratic_republic_of_congo
90,2011,0.34,democratic_republic_of_congo
91,2012,0.11,democratic_republic_of_congo
92,2013,0.31,democratic_republic_of_congo
93,2014,0.51,democratic_republic_of_congo
94,2015,0.4,democratic_republic_of_congo
95,2016,0.94,democratic_republic_of_congo
96,2017,0.54,democratic_republic_of_congo
97,2018,0.3,democratic_republic_of_congo
0,1920,-1.33,republic_of_congo
1,1921,-1.55,republic_of_congo
2,1922,-1.32,republic_of_congo
3,1923,-1.79,republic_of_congo
4,1924,-0.69,republic_of_congo
5,1925,-1.08,republic_of_congo
6,1926,-0.64,republic_of_congo
7,1927,-1.15,republic_of_congo
8,1928,-1.23,republic_of_congo
9,1929,-1.48,republic_of_congo
10,1930,-0.83,republic_of_congo
11,1931,-0.39,republic_of_congo
12,1932,-1.08,republic_of_congo
13,1933,-0.88,republic_of_congo
14,1934,-1.13,republic_of_congo
15,1935,-1.0,republic_of_congo
16,1936,-0.92,republic_of_congo
17,1937,-0.85,republic_of_congo
18,1938,-0.98,republic_of_congo
19,1939,-0.97,republic_of_congo
20,1940,-0.79,republic_of_congo
21,1941,-0.26,republic_of_congo
22,1942,-0.38,republic_of_congo
23,1943,-1.23,republic_of_congo
24,1944,-0.71,republic_of_congo
25,1945,-0.76,republic_of_congo
26,1946,-0.85,republic_of_congo
27,1947,-0.51,republic_of_congo
28,1948,-1.02,republic_of_congo
29,1949,-0.63,republic_of_congo
30,1950,-1.4,republic_of_congo
31,1951,-0.75,republic_of_congo
32,1952,-1.41,republic_of_congo
33,1953,-1.08,republic_of_congo
34,1954,-1.33,republic_of_congo
35,1955,-0.72,republic_of_congo
36,1956,-1.0,republic_of_congo
37,1957,-1.24,republic_of_congo
38,1958,-0.5,republic_of_congo
39,1959,-0.68,republic_of_congo
40,1960,-1.01,republic_of_congo
41,1961,-1.03,republic_of_congo
42,1962,-0.79,republic_of_congo
43,1963,-0.59,republic_of_congo
44,1964,-0.99,republic_of_congo
45,1965,-1.26,republic_of_congo
46,1966,-0.8,republic_of_congo
47,1967,-1.07,republic_of_congo
48,1968,-0.86,republic_of_congo
49,1969,-0.17,republic_of_congo
50,1970,-0.71,republic_of_congo
51,1971,-0.97,republic_of_congo
52,1972,-0.78,republic_of_congo
53,1973,-0.52,republic_of_congo
54,1974,-1.3,republic_of_congo
55,1975,-1.1,republic_of_congo
56,1976,-1.06,republic_of_congo
57,1977,-0.46,republic_of_congo
58,1978,-0.21,republic_of_congo
59,1979,-0.16,republic_of_congo
60,1980,-0.02,republic_of_congo
61,1981,-0.45,republic_of_congo
62,1982,-0.61,republic_of_congo
63,1983,0.11,republic_of_congo
64,1984,-0.44,republic_of_congo
65,1985,-0.38,republic_of_congo
66,1986,-0.52,republic_of_congo
67,1987,0.43,republic_of_congo
68,1988,-0.16,republic_of_congo
69,1989,-0.45,republic_of_congo
70,1990,0.07,republic_of_congo
71,1991,-0.34,republic_of_congo
72,1992,-0.74,republic_of_congo
73,1993,-0.04,republic_of_congo
74,1994,-0.59,republic_of_congo
75,1995,0.01,republic_of_congo
76,1996,0.37,republic_of_congo
77,1997,0.25,republic_of_congo
78,1998,0.4,republic_of_congo
79,1999,-0.32,republic_of_congo
80,2000,-0.03,republic_of_congo
81,2001,0.09,republic_of_congo
82,2002,0.25,republic_of_congo
83,2003,0.23,republic_of_congo
84,2004,0.42,republic_of_congo
85,2005,0.52,republic_of_congo
86,2006,0.32,republic_of_congo
87,2007,0.24,republic_of_congo
88,2008,-0.05,republic_of_congo
89,2009,0.41,republic_of_congo
90,2010,1.01,republic_of_congo
91,2011,0.39,republic_of_congo
92,2012,0.14,republic_of_congo
93,2013,0.38,republic_of_congo
94,2014,0.53,republic_of_congo
95,2015,0.26,republic_of_congo
96,2016,0.7,republic_of_congo
97,2017,0.41,republic_of_congo
98,2018,0.3,republic_of_congo
0,1920,-1.3,algeria
1,1921,-2.14,algeria
2,1922,-1.29,algeria
3,1923,-2.19,algeria
4,1924,-0.73,algeria
5,1925,-1.52,algeria
6,1926,-0.31,algeria
7,1927,-0.87,algeria
8,1928,-1.72,algeria
9,1929,-2.0,algeria
10,1930,-1.2,algeria
11,1931,-0.62,algeria
12,1932,-1.7,algeria
13,1933,-1.68,algeria
14,1934,-1.56,algeria
15,1935,-1.34,algeria
16,1936,-1.16,algeria
17,1937,-0.31,algeria
18,1938,-1.69,algeria
19,1939,-1.61,algeria
20,1940,-1.38,algeria
21,1941,-0.98,algeria
22,1942,-0.78,algeria
23,1943,-1.63,algeria
24,1944,-1.19,algeria
25,1945,-0.92,algeria
26,1946,-1.17,algeria
27,1947,-0.59,algeria
28,1948,-1.16,algeria
29,1949,-1.04,algeria
30,1950,-1.43,algeria
31,1951,-0.86,algeria
32,1952,-1.34,algeria
33,1953,-1.69,algeria
34,1954,-1.75,algeria
35,1955,0.07,algeria
36,1956,-1.71,algeria
37,1957,-1.73,algeria
38,1958,-0.6,algeria
39,1959,-1.0,algeria
40,1960,-0.73,algeria
41,1961,-0.72,algeria
42,1962,-0.91,algeria
43,1963,-0.88,algeria
44,1964,-1.04,algeria
45,1965,-1.62,algeria
46,1966,-0.5,algeria
47,1967,-1.34,algeria
48,1968,-1.05,algeria
49,1969,-0.83,algeria
50,1970,-0.64,algeria
51,1971,-1.82,algeria
52,1972,-1.7,algeria
53,1973,-1.22,algeria
54,1974,-1.59,algeria
55,1975,-1.45,algeria
56,1976,-2.21,algeria
57,1977,-0.15,algeria
58,1978,-0.55,algeria
59,1979,-0.31,algeria
60,1980,-0.58,algeria
61,1981,-0.43,algeria
62,1982,-1.1,algeria
63,1983,-0.13,algeria
64,1984,-1.1,algeria
65,1985,-0.5,algeria
66,1986,-0.82,algeria
67,1987,0.49,algeria
68,1988,-0.11,algeria
69,1989,0.0,algeria
70,1990,0.3,algeria
71,1991,-0.92,algeria
72,1992,-1.2,algeria
73,1993,-0.32,algeria
74,1994,-0.47,algeria
75,1995,-0.01,algeria
76,1996,0.1,algeria
77,1997,-0.02,algeria
78,1998,0.46,algeria
79,1999,0.39,algeria
80,2000,-0.06,algeria
81,2001,0.91,algeria
82,2002,0.54,algeria
83,2003,0.38,algeria
84,2004,0.21,algeria
85,2005,0.51,algeria
86,2006,0.49,algeria
87,2007,0.4,algeria
88,2008,0.19,algeria
89,2009,0.16,algeria
90,2010,1.68,algeria
91,2011,0.24,algeria
92,2012,0.04,algeria
93,2013,0.18,algeria
94,2014,0.73,algeria
95,2015,0.41,algeria
96,2016,1.03,algeria
97,2017,0.44,algeria
98,2018,0.56,algeria
0,1920,-0.79,eritrea
1,1921,-0.56,eritrea
2,1922,-0.45,eritrea
3,1923,-0.67,eritrea
4,1924,-0.3,eritrea
5,1925,-0.5,eritrea
6,1926,-0.5,eritrea
7,1927,-0.26,eritrea
8,1928,0.01,eritrea
9,1929,-0.36,eritrea
10,1930,-0.48,eritrea
11,1931,0.01,eritrea
12,1932,-0.43,eritrea
13,1933,-0.76,eritrea
14,1934,-0.45,eritrea
15,1935,-0.3,eritrea
16,1936,-0.26,eritrea
17,1937,-0.41,eritrea
18,1938,-0.6,eritrea
19,1939,-0.16,eritrea
20,1940,-0.19,eritrea
21,1941,0.21,eritrea
22,1942,0.04,eritrea
23,1943,-0.55,eritrea
24,1944,-0.12,eritrea
25,1945,-0.21,eritrea
26,1946,-0.27,eritrea
27,1947,-0.15,eritrea
28,1948,-0.82,eritrea
29,1949,-0.84,eritrea
30,1950,-0.77,eritrea
31,1951,-0.56,eritrea
32,1952,-0.29,eritrea
33,1953,-0.28,eritrea
34,1954,-0.26,eritrea
35,1955,-0.43,eritrea
36,1956,-0.59,eritrea
37,1957,-0.48,eritrea
38,1958,-0.05,eritrea
39,1959,-0.68,eritrea
40,1960,-0.16,eritrea
41,1961,-0.71,eritrea
42,1962,-0.33,eritrea
43,1963,-0.05,eritrea
44,1964,-0.88,eritrea
45,1965,-0.63,eritrea
46,1966,-0.32,eritrea
47,1967,-0.9,eritrea
48,1968,-0.66,eritrea
49,1969,0.21,eritrea
50,1970,-0.14,eritrea
51,1971,-0.74,eritrea
52,1972,-0.4,eritrea
53,1973,-0.14,eritrea
54,1974,-0.46,eritrea
55,1975,-0.77,eritrea
56,1976,-0.42,eritrea
57,1977,-0.49,eritrea
58,1978,-0.37,eritrea
59,1979,-0.09,eritrea
60,1980,0.04,eritrea
61,1981,-0.13,eritrea
62,1982,-0.69,eritrea
63,1983,-0.76,eritrea
64,1984,-0.23,eritrea
65,1985,-0.15,eritrea
66,1986,-0.34,eritrea
67,1987,-0.03,eritrea
68,1988,0.11,eritrea
69,1989,-0.52,eritrea
70,1990,0.06,eritrea
71,1991,-0.38,eritrea
72,1992,-0.9,eritrea
73,1993,-0.17,eritrea
74,1994,-0.14,eritrea
75,1995,-0.03,eritrea
76,1996,-0.16,eritrea
77,1997,-0.31,eritrea
78,1998,0.32,eritrea
79,1999,0.5,eritrea
80,2000,0.18,eritrea
81,2001,0.33,eritrea
82,2002,0.34,eritrea
83,2003,0.36,eritrea
84,2004,0.24,eritrea
85,2005,0.38,eritrea
86,2006,0.25,eritrea
87,2007,0.15,eritrea
88,2008,0.18,eritrea
89,2009,0.59,eritrea
90,2010,0.95,eritrea
91,2011,0.33,eritrea
92,2012,0.63,eritrea
93,2013,0.39,eritrea
94,2014,0.37,eritrea
95,2015,0.83,eritrea
96,2016,0.91,eritrea
97,2017,0.92,eritrea
98,2018,0.54,eritrea
0,1920,-0.84,ghana
1,1921,-0.89,ghana
2,1922,-0.9,ghana
3,1923,-1.06,ghana
4,1924,-0.92,ghana
5,1925,-1.06,ghana
6,1926,-0.75,ghana
7,1927,-1.15,ghana
8,1928,-1.14,ghana
9,1929,-0.98,ghana
10,1930,-0.69,ghana
11,1931,-0.52,ghana
12,1932,-1.12,ghana
13,1933,-0.84,ghana
14,1934,-0.83,ghana
15,1935,-0.94,ghana
16,1936,-1.21,ghana
17,1937,-0.86,ghana
18,1938,-0.84,ghana
19,1939,-1.21,ghana
20,1940,-0.83,ghana
21,1941,-0.51,ghana
22,1942,-0.86,ghana
23,1943,-1.24,ghana
24,1944,-0.79,ghana
25,1945,-0.85,ghana
26,1946,-1.12,ghana
27,1947,-1.0,ghana
28,1948,-1.27,ghana
29,1949,-0.91,ghana
30,1950,-1.16,ghana
31,1951,-0.96,ghana
32,1952,-0.93,ghana
33,1953,-0.92,ghana
34,1954,-1.16,ghana
35,1955,-1.13,ghana
36,1956,-1.26,ghana
37,1957,-0.88,ghana
38,1958,-0.93,ghana
39,1959,-0.72,ghana
40,1960,-0.71,ghana
41,1961,-0.79,ghana
42,1962,-0.87,ghana
43,1963,-0.59,ghana
44,1964,-0.97,ghana
45,1965,-0.93,ghana
46,1966,-0.52,ghana
47,1967,-0.92,ghana
48,1968,-0.74,ghana
49,1969,-0.44,ghana
50,1970,-0.43,ghana
51,1971,-0.83,ghana
52,1972,-0.66,ghana
53,1973,-0.12,ghana
54,1974,-0.71,ghana
55,1975,-0.77,ghana
56,1976,-1.03,ghana
57,1977,-0.45,ghana
58,1978,-0.61,ghana
59,1979,-0.11,ghana
60,1980,-0.34,ghana
61,1981,-0.3,ghana
62,1982,-0.52,ghana
63,1983,-0.04,ghana
64,1984,-0.19,ghana
65,1985,-0.41,ghana
66,1986,-0.41,ghana
67,1987,0.29,ghana
68,1988,-0.04,ghana
69,1989,-0.2,ghana
70,1990,-0.17,ghana
71,1991,-0.2,ghana
72,1992,-0.37,ghana
73,1993,-0.13,ghana
74,1994,-0.19,ghana
75,1995,0.16,ghana
76,1996,0.01,ghana
77,1997,-0.13,ghana
78,1998,0.54,ghana
79,1999,0.03,ghana
80,2000,-0.16,ghana
81,2001,-0.03,ghana
82,2002,0.11,ghana
83,2003,0.37,ghana
84,2004,0.21,ghana
85,2005,0.23,ghana
86,2006,0.27,ghana
87,2007,0.28,ghana
88,2008,0.24,ghana
89,2009,0.19,ghana
90,2010,0.57,ghana
91,2011,0.14,ghana
92,2012,0.02,ghana
93,2013,0.19,ghana
94,2014,0.12,ghana
95,2015,0.43,ghana
96,2016,0.77,ghana
97,2017,0.63,ghana
98,2018,0.46,ghana
0,1920,-0.95,jordan
1,1921,-1.16,jordan
2,1922,-0.31,jordan
3,1923,-0.36,jordan
4,1924,-0.6,jordan
5,1925,-0.62,jordan
6,1926,-0.62,jordan
7,1927,-0.28,jordan
8,1928,-0.01,jordan
9,1929,-0.6,jordan
10,1930,-0.06,jordan
11,1931,-0.23,jordan
12,1932,-0.33,jordan
13,1933,-0.89,jordan
14,1934,-0.25,jordan
15,1935,0.09,jordan
16,1936,-0.04,jordan
17,1937,0.17,jordan
18,1938,-0.66,jordan
19,1939,-0.12,jordan
20,1940,-0.26,jordan
21,1941,0.1,jordan
22,1942,-0.18,jordan
23,1943,-0.6,jordan
24,1944,-0.38,jordan
25,1945,-0.72,jordan
26,1946,-0.12,jordan
27,1947,0.55,jordan
28,1948,-0.92,jordan
29,1949,-1.21,jordan
30,1950,-0.46,jordan
31,1951,-0.13,jordan
32,1952,0.17,jordan
33,1953,-0.93,jordan
34,1954,-0.12,jordan
35,1955,0.4,jordan
36,1956,-0.33,jordan
37,1957,-0.3,jordan
38,1958,0.09,jordan
39,1959,-0.92,jordan
40,1960,0.8,jordan
41,1961,-0.5,jordan
42,1962,0.7,jordan
43,1963,0.36,jordan
44,1964,-0.92,jordan
45,1965,-0.26,jordan
46,1966,0.39,jordan
47,1967,-1.24,jordan
48,1968,-0.35,jordan
49,1969,0.02,jordan
50,1970,-0.2,jordan
51,1971,-0.65,jordan
52,1972,-0.92,jordan
53,1973,-0.59,jordan
54,1974,-0.64,jordan
55,1975,-0.74,jordan
56,1976,-0.84,jordan
57,1977,-0.41,jordan
58,1978,-0.15,jordan
59,1979,0.27,jordan
60,1980,-0.36,jordan
61,1981,-0.36,jordan
62,1982,-1.16,jordan
63,1983,-1.13,jordan
64,1984,-0.63,jordan
65,1985,-0.15,jordan
66,1986,-0.31,jordan
67,1987,-0.29,jordan
68,1988,-0.38,jordan
69,1989,-0.31,jordan
70,1990,-0.12,jordan
71,1991,-0.2,jordan
72,1992,-1.48,jordan
73,1993,-0.43,jordan
74,1994,0.29,jordan
75,1995,-0.1,jordan
76,1996,0.4,jordan
77,1997,-0.52,jordan
78,1998,0.78,jordan
79,1999,0.73,jordan
80,2000,0.09,jordan
81,2001,0.75,jordan
82,2002,0.33,jordan
83,2003,0.23,jordan
84,2004,0.15,jordan
85,2005,0.13,jordan
86,2006,0.07,jordan
87,2007,0.42,jordan
88,2008,0.57,jordan
89,2009,0.49,jordan
90,2010,2.18,jordan
91,2011,0.03,jordan
92,2012,0.87,jordan
93,2013,0.61,jordan
94,2014,0.83,jordan
95,2015,0.86,jordan
96,2016,1.27,jordan
97,2017,0.92,jordan
98,2018,1.57,jordan
0,1920,-0.95,lebanon
1,1921,-1.16,lebanon
2,1922,-0.31,lebanon
3,1923,-0.36,lebanon
4,1924,-0.6,lebanon
5,1925,-0.62,lebanon
6,1926,-0.62,lebanon
7,1927,-0.28,lebanon
8,1928,-0.01,lebanon
9,1929,-0.6,lebanon
10,1930,-0.06,lebanon
11,1931,-0.23,lebanon
12,1932,-0.33,lebanon
13,1933,-0.89,lebanon
14,1934,-0.25,lebanon
15,1935,0.09,lebanon
16,1936,-0.04,lebanon
17,1937,0.17,lebanon
18,1938,-0.66,lebanon
19,1939,-0.12,lebanon
20,1940,-0.26,lebanon
21,1941,0.1,lebanon
22,1942,-0.18,lebanon
23,1943,-0.6,lebanon
24,1944,-0.38,lebanon
25,1945,-0.72,lebanon
26,1946,-0.12,lebanon
27,1947,0.55,lebanon
28,1948,-0.92,lebanon
29,1949,-1.21,lebanon
30,1950,-0.46,lebanon
31,1951,-0.13,lebanon
32,1952,0.17,lebanon
33,1953,-0.93,lebanon
34,1954,-0.12,lebanon
35,1955,0.4,lebanon
36,1956,-0.33,lebanon
37,1957,-0.3,lebanon
38,1958,0.09,lebanon
39,1959,-0.92,lebanon
40,1960,0.8,lebanon
41,1961,-0.5,lebanon
42,1962,0.7,lebanon
43,1963,0.36,lebanon
44,1964,-0.92,lebanon
45,1965,-0.26,lebanon
46,1966,0.39,lebanon
47,1967,-1.24,lebanon
48,1968,-0.35,lebanon
49,1969,0.02,lebanon
50,1970,-0.2,lebanon
51,1971,-0.65,lebanon
52,1972,-0.92,lebanon
53,1973,-0.59,lebanon
54,1974,-0.64,lebanon
55,1975,-0.74,lebanon
56,1976,-0.84,lebanon
57,1977,-0.41,lebanon
58,1978,-0.15,lebanon
59,1979,0.27,lebanon
60,1980,-0.36,lebanon
61,1981,-0.36,lebanon
62,1982,-1.16,lebanon
63,1983,-1.13,lebanon
64,1984,-0.63,lebanon
65,1985,-0.15,lebanon
66,1986,-0.31,lebanon
67,1987,-0.29,lebanon
68,1988,-0.38,lebanon
69,1989,-0.31,lebanon
70,1990,-0.12,lebanon
71,1991,-0.2,lebanon
72,1992,-1.48,lebanon
73,1993,-0.43,lebanon
74,1994,0.29,lebanon
75,1995,-0.1,lebanon
76,1996,0.4,lebanon
77,1997,-0.52,lebanon
78,1998,0.78,lebanon
79,1999,0.73,lebanon
80,2000,0.09,lebanon
81,2001,0.75,lebanon
82,2002,0.33,lebanon
83,2003,0.23,lebanon
84,2004,0.15,lebanon
85,2005,0.13,lebanon
86,2006,0.07,lebanon
87,2007,0.42,lebanon
88,2008,0.57,lebanon
89,2009,0.49,lebanon
90,2010,2.18,lebanon
91,2011,0.03,lebanon
92,2012,0.87,lebanon
93,2013,0.61,lebanon
94,2014,0.83,lebanon
95,2015,0.86,lebanon
96,2016,1.27,lebanon
97,2017,0.92,lebanon
98,2018,1.57,lebanon
0,1920,-1.33,mali
1,1921,-1.55,mali
2,1922,-1.32,mali
3,1923,-1.79,mali
4,1924,-0.69,mali
5,1925,-1.08,mali
6,1926,-0.64,mali
7,1927,-1.15,mali
8,1928,-1.23,mali
9,1929,-1.48,mali
10,1930,-0.83,mali
11,1931,-0.39,mali
12,1932,-1.08,mali
13,1933,-0.88,mali
14,1934,-1.13,mali
15,1935,-1.0,mali
16,1936,-0.92,mali
17,1937,-0.85,mali
18,1938,-0.98,mali
19,1939,-0.97,mali
20,1940,-0.79,mali
21,1941,-0.26,mali
22,1942,-0.38,mali
23,1943,-1.23,mali
24,1944,-0.71,mali
25,1945,-0.76,mali
26,1946,-0.85,mali
27,1947,-0.51,mali
28,1948,-1.02,mali
29,1949,-0.63,mali
30,1950,-1.4,mali
31,1951,-0.75,mali
32,1952,-1.41,mali
33,1953,-1.08,mali
34,1954,-1.33,mali
35,1955,-0.72,mali
36,1956,-1.0,mali
37,1957,-1.24,mali
38,1958,-0.5,mali
39,1959,-0.68,mali
40,1960,-1.01,mali
41,1961,-1.03,mali
42,1962,-0.79,mali
43,1963,-0.59,mali
44,1964,-0.99,mali
45,1965,-1.26,mali
46,1966,-0.8,mali
47,1967,-1.07,mali
48,1968,-0.86,mali
49,1969,-0.17,mali
50,1970,-0.71,mali
51,1971,-0.97,mali
52,1972,-0.78,mali
53,1973,-0.52,mali
54,1974,-1.3,mali
55,1975,-1.1,mali
56,1976,-1.06,mali
57,1977,-0.46,mali
58,1978,-0.21,mali
59,1979,-0.16,mali
60,1980,-0.02,mali
61,1981,-0.45,mali
62,1982,-0.61,mali
63,1983,0.11,mali
64,1984,-0.44,mali
65,1985,-0.38,mali
66,1986,-0.52,mali
67,1987,0.43,mali
68,1988,-0.16,mali
69,1989,-0.45,mali
70,1990,0.07,mali
71,1991,-0.34,mali
72,1992,-0.74,mali
73,1993,-0.04,mali
74,1994,-0.59,mali
75,1995,0.01,mali
76,1996,0.37,mali
77,1997,0.25,mali
78,1998,0.4,mali
79,1999,-0.32,mali
80,2000,-0.03,mali
81,2001,0.09,mali
82,2002,0.25,mali
83,2003,0.23,mali
84,2004,0.42,mali
85,2005,0.52,mali
86,2006,0.32,mali
87,2007,0.24,mali
88,2008,-0.05,mali
89,2009,0.41,mali
90,2010,1.01,mali
91,2011,0.39,mali
92,2012,0.14,mali
93,2013,0.38,mali
94,2014,0.53,mali
95,2015,0.26,mali
96,2016,0.7,mali
97,2017,0.41,mali
98,2018,0.3,mali
0,1920,-0.7,namibia
1,1921,-0.54,namibia
2,1922,0.05,namibia
3,1923,-0.31,namibia
4,1924,-0.61,namibia
5,1925,-0.85,namibia
6,1926,-0.11,namibia
7,1927,0.04,namibia
8,1928,-0.31,namibia
9,1929,-0.2,namibia
10,1930,-0.72,namibia
11,1931,-0.34,namibia
12,1932,-0.44,namibia
13,1933,-0.17,namibia
14,1934,-0.6,namibia
15,1935,-0.87,namibia
16,1936,-0.58,namibia
17,1937,-0.43,namibia
18,1938,-0.56,namibia
19,1939,-0.97,namibia
20,1940,-0.29,namibia
21,1941,0.26,namibia
22,1942,-0.41,namibia
23,1943,-0.63,namibia
24,1944,-0.3,namibia
25,1945,-0.37,namibia
26,1946,-0.28,namibia
27,1947,-0.36,namibia
28,1948,-0.65,namibia
29,1949,-0.21,namibia
30,1950,-0.66,namibia
31,1951,-0.77,namibia
32,1952,-0.3,namibia
33,1953,-0.85,namibia
34,1954,-0.99,namibia
35,1955,-1.13,namibia
36,1956,-1.03,namibia
37,1957,-0.46,namibia
38,1958,-0.32,namibia
39,1959,-0.61,namibia
40,1960,-0.45,namibia
41,1961,-0.33,namibia
42,1962,-0.46,namibia
43,1963,-0.9,namibia
44,1964,-0.76,namibia
45,1965,-0.73,namibia
46,1966,-0.28,namibia
47,1967,-0.88,namibia
48,1968,-0.81,namibia
49,1969,-0.23,namibia
50,1970,-0.07,namibia
51,1971,-0.75,namibia
52,1972,-0.62,namibia
53,1973,-0.22,namibia
54,1974,-1.24,namibia
55,1975,-0.8,namibia
56,1976,-1.25,namibia
57,1977,-0.28,namibia
58,1978,-0.69,namibia
59,1979,-0.13,namibia
60,1980,-0.37,namibia
61,1981,-0.56,namibia
62,1982,-0.34,namibia
63,1983,0.24,namibia
64,1984,0.11,namibia
65,1985,-0.35,namibia
66,1986,-0.22,namibia
67,1987,0.32,namibia
68,1988,-0.25,namibia
69,1989,-0.6,namibia
70,1990,-0.22,namibia
71,1991,-0.35,namibia
72,1992,0.05,namibia
73,1993,0.08,namibia
74,1994,-0.1,namibia
75,1995,0.21,namibia
76,1996,-0.57,namibia
77,1997,-0.38,namibia
78,1998,0.55,namibia
79,1999,0.17,namibia
80,2000,-0.26,namibia
81,2001,-0.23,namibia
82,2002,0.41,namibia
83,2003,0.56,namibia
84,2004,0.06,namibia
85,2005,0.48,namibia
86,2006,-0.58,namibia
87,2007,0.47,namibia
88,2008,0.19,namibia
89,2009,0.24,namibia
90,2010,0.87,namibia
91,2011,-0.79,namibia
92,2012,0.0,namibia
93,2013,0.4,namibia
94,2014,0.25,namibia
95,2015,1.07,namibia
96,2016,1.44,namibia
97,2017,0.6,namibia
98,2018,1.09,namibia
0,1920,-0.7,niger
1,1921,-0.54,niger
2,1922,0.05,niger
3,1923,-0.31,niger
4,1924,-0.61,niger
5,1925,-0.85,niger
6,1926,-0.11,niger
7,1927,0.04,niger
8,1928,-0.31,niger
9,1929,-0.2,niger
10,1930,-0.72,niger
11,1931,-0.34,niger
12,1932,-0.44,niger
13,1933,-0.17,niger
14,1934,-0.6,niger
15,1935,-0.87,niger
16,1936,-0.58,niger
17,1937,-0.43,niger
18,1938,-0.56,niger
19,1939,-0.97,niger
20,1940,-0.29,niger
21,1941,0.26,niger
22,1942,-0.41,niger
23,1943,-0.63,niger
24,1944,-0.3,niger
25,1945,-0.37,niger
26,1946,-0.28,niger
27,1947,-0.36,niger
28,1948,-0.65,niger
29,1949,-0.21,niger
30,1950,-0.66,niger
31,1951,-0.77,niger
32,1952,-0.3,niger
33,1953,-0.85,niger
34,1954,-0.99,niger
35,1955,-1.13,niger
36,1956,-1.03,niger
37,1957,-0.46,niger
38,1958,-0.32,niger
39,1959,-0.61,niger
40,1960,-0.45,niger
41,1961,-0.33,niger
42,1962,-0.46,niger
43,1963,-0.9,niger
44,1964,-0.76,niger
45,1965,-0.73,niger
46,1966,-0.28,niger
47,1967,-0.88,niger
48,1968,-0.81,niger
49,1969,-0.23,niger
50,1970,-0.07,niger
51,1971,-0.75,niger
52,1972,-0.62,niger
53,1973,-0.22,niger
54,1974,-1.24,niger
55,1975,-0.8,niger
56,1976,-1.25,niger
57,1977,-0.28,niger
58,1978,-0.69,niger
59,1979,-0.13,niger
60,1980,-0.37,niger
61,1981,-0.56,niger
62,1982,-0.34,niger
63,1983,0.24,niger
64,1984,0.11,niger
65,1985,-0.35,niger
66,1986,-0.22,niger
67,1987,0.32,niger
68,1988,-0.25,niger
69,1989,-0.6,niger
70,1990,-0.22,niger
71,1991,-0.35,niger
72,1992,0.05,niger
73,1993,0.08,niger
74,1994,-0.1,niger
75,1995,0.21,niger
76,1996,-0.57,niger
77,1997,-0.38,niger
78,1998,0.55,niger
79,1999,0.17,niger
80,2000,-0.26,niger
81,2001,-0.23,niger
82,2002,0.41,niger
83,2003,0.56,niger
84,2004,0.06,niger
85,2005,0.48,niger
86,2006,-0.58,niger
87,2007,0.47,niger
88,2008,0.19,niger
89,2009,0.24,niger
90,2010,0.87,niger
91,2011,-0.79,niger
92,2012,0.0,niger
93,2013,0.4,niger
94,2014,0.25,niger
95,2015,1.07,niger
96,2016,1.44,niger
97,2017,0.6,niger
98,2018,1.09,niger
0,1920,-0.98,rwanda
1,1921,-0.91,rwanda
2,1922,-0.55,rwanda
3,1923,-0.79,rwanda
4,1924,-0.84,rwanda
5,1925,-0.93,rwanda
6,1926,-0.55,rwanda
7,1927,-0.68,rwanda
8,1928,-0.63,rwanda
9,1929,-0.71,rwanda
10,1930,-0.84,rwanda
11,1931,-0.5,rwanda
12,1932,-0.68,rwanda
13,1933,-0.49,rwanda
14,1934,-0.67,rwanda
15,1935,-0.82,rwanda
16,1936,-0.74,rwanda
17,1937,-0.55,rwanda
18,1938,-0.52,rwanda
19,1939,-0.79,rwanda
20,1940,-0.38,rwanda
21,1941,-0.23,rwanda
22,1942,-0.49,rwanda
23,1943,-0.81,rwanda
24,1944,-0.46,rwanda
25,1945,-0.65,rwanda
26,1946,-0.6,rwanda
27,1947,-0.4,rwanda
28,1948,-0.62,rwanda
29,1949,-0.39,rwanda
30,1950,-0.73,rwanda
31,1951,-0.87,rwanda
32,1952,-0.53,rwanda
33,1953,-0.75,rwanda
34,1954,-0.82,rwanda
35,1955,-0.78,rwanda
36,1956,-1.03,rwanda
37,1957,-0.54,rwanda
38,1958,-0.43,rwanda
39,1959,-0.53,rwanda
40,1960,-0.59,rwanda
41,1961,-0.45,rwanda
42,1962,-0.48,rwanda
43,1963,-0.68,rwanda
44,1964,-0.85,rwanda
45,1965,-0.81,rwanda
46,1966,-0.55,rwanda
47,1967,-0.81,rwanda
48,1968,-0.85,rwanda
49,1969,-0.54,rwanda
50,1970,-0.35,rwanda
51,1971,-0.74,rwanda
52,1972,-0.54,rwanda
53,1973,-0.25,rwanda
54,1974,-0.69,rwanda
55,1975,-0.63,rwanda
56,1976,-0.83,rwanda
57,1977,-0.33,rwanda
58,1978,-0.46,rwanda
59,1979,-0.29,rwanda
60,1980,-0.24,rwanda
61,1981,-0.53,rwanda
62,1982,-0.45,rwanda
63,1983,0.02,rwanda
64,1984,-0.33,rwanda
65,1985,-0.36,rwanda
66,1986,-0.3,rwanda
67,1987,0.2,rwanda
68,1988,-0.24,rwanda
69,1989,-0.47,rwanda
70,1990,0.06,rwanda
71,1991,-0.15,rwanda
72,1992,-0.32,rwanda
73,1993,-0.35,rwanda
74,1994,-0.41,rwanda
75,1995,0.1,rwanda
76,1996,-0.34,rwanda
77,1997,-0.08,rwanda
78,1998,0.3,rwanda
79,1999,-0.07,rwanda
80,2000,-0.19,rwanda
81,2001,0.0,rwanda
82,2002,0.28,rwanda
83,2003,0.46,rwanda
84,2004,0.43,rwanda
85,2005,0.65,rwanda
86,2006,0.27,rwanda
87,2007,0.36,rwanda
88,2008,0.24,rwanda
89,2009,0.43,rwanda
90,2010,0.79,rwanda
91,2011,0.24,rwanda
92,2012,0.25,rwanda
93,2013,0.41,rwanda
94,2014,0.45,rwanda
95,2015,0.91,rwanda
96,2016,1.14,rwanda
97,2017,0.77,rwanda
98,2018,0.73,rwanda
0,1920,-1.46,sudan
1,1921,-1.03,sudan
2,1922,-1.05,sudan
3,1923,-0.86,sudan
4,1924,-0.54,sudan
5,1925,-0.55,sudan
6,1926,-0.85,sudan
7,1927,-0.6,sudan
8,1928,-0.17,sudan
9,1929,-0.6,sudan
10,1930,-0.29,sudan
11,1931,0.12,sudan
12,1932,-0.26,sudan
13,1933,-0.29,sudan
14,1934,-0.37,sudan
15,1935,-0.34,sudan
16,1936,-0.37,sudan
17,1937,-0.7,sudan
18,1938,-0.56,sudan
19,1939,0.01,sudan
20,1940,-0.22,sudan
21,1941,0.15,sudan
22,1942,-0.14,sudan
23,1943,-0.88,sudan
24,1944,-0.61,sudan
25,1945,-0.98,sudan
26,1946,-0.52,sudan
27,1947,-0.3,sudan
28,1948,-1.18,sudan
29,1949,-0.9,sudan
30,1950,-0.98,sudan
31,1951,-0.4,sudan
32,1952,-0.26,sudan
33,1953,-0.68,sudan
34,1954,-0.52,sudan
35,1955,-0.61,sudan
36,1956,-0.56,sudan
37,1957,-0.47,sudan
38,1958,-0.02,sudan
39,1959,-0.81,sudan
40,1960,-0.05,sudan
41,1961,-1.41,sudan
42,1962,-0.4,sudan
43,1963,-0.26,sudan
44,1964,-0.83,sudan
45,1965,-0.57,sudan
46,1966,-0.04,sudan
47,1967,-0.96,sudan
48,1968,-0.63,sudan
49,1969,0.29,sudan
50,1970,-0.59,sudan
51,1971,-0.5,sudan
52,1972,-0.37,sudan
53,1973,-0.15,sudan
54,1974,-0.6,sudan
55,1975,-0.77,sudan
56,1976,-0.21,sudan
57,1977,-0.71,sudan
58,1978,-0.32,sudan
59,1979,-0.01,sudan
60,1980,-0.05,sudan
61,1981,-0.37,sudan
62,1982,-0.56,sudan
63,1983,-0.92,sudan
64,1984,-0.23,sudan
65,1985,-0.27,sudan
66,1986,-0.21,sudan
67,1987,-0.09,sudan
68,1988,-0.22,sudan
69,1989,-0.94,sudan
70,1990,-0.06,sudan
71,1991,-0.11,sudan
72,1992,-0.85,sudan
73,1993,-0.14,sudan
74,1994,-0.13,sudan
75,1995,-0.32,sudan
76,1996,0.14,sudan
77,1997,-0.36,sudan
78,1998,0.72,sudan
79,1999,0.53,sudan
80,2000,-0.15,sudan
81,2001,0.08,sudan
82,2002,0.4,sudan
83,2003,0.33,sudan
84,2004,0.25,sudan
85,2005,0.47,sudan
86,2006,0.44,sudan
87,2007,0.28,sudan
88,2008,0.24,sudan
89,2009,0.75,sudan
90,2010,1.3,sudan
91,2011,0.19,sudan
92,2012,0.57,sudan
93,2013,0.51,sudan
94,2014,0.81,sudan
95,2015,0.49,sudan
96,2016,0.88,sudan
97,2017,0.56,sudan
98,2018,1.12,sudan
0,1920,-0.8,djibouti
1,1921,-0.77,djibouti
2,1922,-0.94,djibouti
3,1923,-0.92,djibouti
4,1924,-0.64,djibouti
5,1925,-0.82,djibouti
6,1926,-0.5,djibouti
7,1927,-0.72,djibouti
8,1928,-0.48,djibouti
9,1929,-0.73,djibouti
10,1930,-0.55,djibouti
11,1931,-0.26,djibouti
12,1932,-0.63,djibouti
13,1933,-0.41,djibouti
14,1934,-0.41,djibouti
15,1935,-0.46,djibouti
16,1936,-0.52,djibouti
17,1937,-0.53,djibouti
18,1938,-0.53,djibouti
19,1939,-0.38,djibouti
20,1940,-0.42,djibouti
21,1941,0.01,djibouti
22,1942,-0.14,djibouti
23,1943,-0.44,djibouti
24,1944,-0.41,djibouti
25,1945,-0.29,djibouti
26,1946,-0.54,djibouti
27,1947,-0.38,djibouti
28,1948,-0.55,djibouti
29,1949,-0.49,djibouti
30,1950,-0.9,djibouti
31,1951,-0.63,djibouti
32,1952,-0.62,djibouti
33,1953,-0.52,djibouti
34,1954,-0.6,djibouti
35,1955,-0.84,djibouti
36,1956,-0.79,djibouti
37,1957,-0.73,djibouti
38,1958,-0.31,djibouti
39,1959,-0.47,djibouti
40,1960,-0.53,djibouti
41,1961,-0.64,djibouti
42,1962,-0.62,djibouti
43,1963,-0.44,djibouti
44,1964,-0.67,djibouti
45,1965,-0.85,djibouti
46,1966,-0.64,djibouti
47,1967,-0.65,djibouti
48,1968,-0.67,djibouti
49,1969,-0.05,djibouti
50,1970,-0.48,djibouti
51,1971,-0.63,djibouti
52,1972,-0.24,djibouti
53,1973,-0.18,djibouti
54,1974,-0.46,djibouti
55,1975,-0.54,djibouti
56,1976,-0.39,djibouti
57,1977,-0.35,djibouti
58,1978,-0.27,djibouti
59,1979,-0.37,djibouti
60,1980,-0.04,djibouti
61,1981,-0.37,djibouti
62,1982,-0.19,djibouti
63,1983,-0.22,djibouti
64,1984,-0.54,djibouti
65,1985,-0.38,djibouti
66,1986,-0.37,djibouti
67,1987,-0.08,djibouti
68,1988,0.06,djibouti
69,1989,-0.51,djibouti
70,1990,0.03,djibouti
71,1991,-0.24,djibouti
72,1992,-0.32,djibouti
73,1993,-0.07,djibouti
74,1994,-0.19,djibouti
75,1995,-0.08,djibouti
76,1996,-0.1,djibouti
77,1997,0.16,djibouti
78,1998,0.31,djibouti
79,1999,0.07,djibouti
80,2000,0.18,djibouti
81,2001,0.03,djibouti
82,2002,0.38,djibouti
83,2003,0.33,djibouti
84,2004,0.24,djibouti
85,2005,0.31,djibouti
86,2006,0.36,djibouti
87,2007,0.31,djibouti
88,2008,0.0,djibouti
89,2009,0.54,djibouti
90,2010,0.34,djibouti
91,2011,0.45,djibouti
92,2012,0.5,djibouti
93,2013,0.37,djibouti
94,2014,0.39,djibouti
95,2015,0.72,djibouti
96,2016,0.77,djibouti
97,2017,0.68,djibouti
98,2018,0.51,djibouti
0,1920,-1.27,angola
1,1921,-1.46,angola
2,1922,-1.54,angola
3,1923,-1.71,angola
4,1924,-1.06,angola
5,1925,-1.35,angola
6,1926,-1.09,angola
7,1927,-1.45,angola
8,1928,-1.7,angola
9,1929,-2.19,angola
10,1930,-1.62,angola
11,1931,-0.82,angola
12,1932,-1.54,angola
13,1933,-1.68,angola
14,1934,-1.59,angola
15,1935,-1.53,angola
16,1936,-1.17,angola
17,1937,-1.26,angola
18,1938,-1.27,angola
19,1939,-1.6,angola
20,1940,-1.16,angola
21,1941,-0.96,angola
22,1942,-0.86,angola
23,1943,-1.39,angola
24,1944,-0.93,angola
25,1945,-0.74,angola
26,1946,-1.28,angola
27,1947,-1.04,angola
28,1948,-1.7,angola
29,1949,-1.24,angola
30,1950,-1.44,angola
31,1951,-1.07,angola
32,1952,-1.48,angola
33,1953,-1.12,angola
34,1954,-1.54,angola
35,1955,-0.98,angola
36,1956,-1.56,angola
37,1957,-1.46,angola
38,1958,-0.82,angola
39,1959,-1.12,angola
40,1960,-1.07,angola
41,1961,-0.99,angola
42,1962,-1.01,angola
43,1963,-1.13,angola
44,1964,-1.13,angola
45,1965,-1.69,angola
46,1966,-0.83,angola
47,1967,-1.65,angola
48,1968,-1.21,angola
49,1969,-0.39,angola
50,1970,-0.36,angola
51,1971,-1.3,angola
52,1972,-0.78,angola
53,1973,-0.54,angola
54,1974,-1.67,angola
55,1975,-1.33,angola
56,1976,-1.46,angola
57,1977,-0.2,angola
58,1978,-0.52,angola
59,1979,0.1,angola
60,1980,-0.34,angola
61,1981,-0.01,angola
62,1982,-0.74,angola
63,1983,0.63,angola
64,1984,-0.43,angola
65,1985,-0.48,angola
66,1986,-0.8,angola
67,1987,0.46,angola
68,1988,-0.44,angola
69,1989,-0.15,angola
70,1990,0.06,angola
71,1991,-0.34,angola
72,1992,-0.25,angola
73,1993,-0.13,angola
74,1994,-0.55,angola
75,1995,-0.07,angola
76,1996,0.56,angola
77,1997,0.23,angola
78,1998,0.67,angola
79,1999,-0.56,angola
80,2000,0.02,angola
81,2001,0.31,angola
82,2002,0.28,angola
83,2003,0.06,angola
84,2004,0.26,angola
85,2005,0.38,angola
86,2006,0.22,angola
87,2007,0.07,angola
88,2008,0.08,angola
89,2009,-0.12,angola
90,2010,0.77,angola
91,2011,0.25,angola
92,2012,-0.29,angola
93,2013,0.28,angola
94,2014,0.16,angola
95,2015,0.27,angola
96,2016,0.58,angola
97,2017,0.71,angola
98,2018,0.13,angola
0,1920,-0.49,zambia
1,1921,-0.62,zambia
2,1922,-0.16,zambia
3,1923,-0.46,zambia
4,1924,-0.6,zambia
5,1925,-0.91,zambia
6,1926,-0.51,zambia
7,1927,-0.6,zambia
8,1928,-0.63,zambia
9,1929,-0.81,zambia
10,1930,-1.04,zambia
11,1931,-0.37,zambia
12,1932,-0.69,zambia
13,1933,-0.7,zambia
14,1934,-0.64,zambia
15,1935,-0.88,zambia
16,1936,-0.81,zambia
17,1937,-0.55,zambia
18,1938,-0.46,zambia
19,1939,-0.93,zambia
20,1940,-0.61,zambia
21,1941,-0.22,zambia
22,1942,-0.35,zambia
23,1943,-0.66,zambia
24,1944,-0.24,zambia
25,1945,-0.51,zambia
26,1946,-0.47,zambia
27,1947,-0.41,zambia
28,1948,-0.49,zambia
29,1949,-0.22,zambia
30,1950,-0.8,zambia
31,1951,-0.69,zambia
32,1952,-0.41,zambia
33,1953,-0.51,zambia
34,1954,-0.67,zambia
35,1955,-0.8,zambia
36,1956,-0.9,zambia
37,1957,-0.48,zambia
38,1958,-0.34,zambia
39,1959,-0.33,zambia
40,1960,-0.68,zambia
41,1961,-0.43,zambia
42,1962,-0.8,zambia
43,1963,-0.9,zambia
44,1964,-0.89,zambia
45,1965,-0.95,zambia
46,1966,-0.22,zambia
47,1967,-0.79,zambia
48,1968,-0.75,zambia
49,1969,-0.27,zambia
50,1970,-0.26,zambia
51,1971,-0.81,zambia
52,1972,-0.43,zambia
53,1973,-0.46,zambia
54,1974,-0.8,zambia
55,1975,-0.61,zambia
56,1976,-0.94,zambia
57,1977,-0.2,zambia
58,1978,-0.49,zambia
59,1979,-0.25,zambia
60,1980,-0.22,zambia
61,1981,-0.62,zambia
62,1982,-0.45,zambia
63,1983,0.33,zambia
64,1984,-0.27,zambia
65,1985,-0.57,zambia
66,1986,-0.44,zambia
67,1987,0.39,zambia
68,1988,-0.13,zambia
69,1989,-0.39,zambia
70,1990,0.06,zambia
71,1991,-0.15,zambia
72,1992,-0.04,zambia
73,1993,-0.28,zambia
74,1994,-0.16,zambia
75,1995,0.14,zambia
76,1996,-0.21,zambia
77,1997,-0.13,zambia
78,1998,0.38,zambia
79,1999,-0.2,zambia
80,2000,-0.24,zambia
81,2001,-0.11,zambia
82,2002,0.24,zambia
83,2003,0.34,zambia
84,2004,0.21,zambia
85,2005,0.69,zambia
86,2006,-0.02,zambia
87,2007,0.33,zambia
88,2008,0.13,zambia
89,2009,0.23,zambia
90,2010,0.94,zambia
91,2011,0.43,zambia
92,2012,0.25,zambia
93,2013,0.45,zambia
94,2014,0.21,zambia
95,2015,1.14,zambia
96,2016,1.25,zambia
97,2017,0.83,zambia
98,2018,0.75,zambia
0,1920,-0.82,nigeria
1,1921,-0.75,nigeria
2,1922,-0.36,nigeria
3,1923,-0.71,nigeria
4,1924,-0.48,nigeria
5,1925,-0.84,nigeria
6,1926,-0.62,nigeria
7,1927,-0.53,nigeria
8,1928,-0.46,nigeria
9,1929,-0.71,nigeria
10,1930,-0.72,nigeria
11,1931,-0.42,nigeria
12,1932,-0.57,nigeria
13,1933,-0.53,nigeria
14,1934,-0.68,nigeria
15,1935,-0.7,nigeria
16,1936,-0.87,nigeria
17,1937,-0.74,nigeria
18,1938,-0.73,nigeria
19,1939,-0.93,nigeria
20,1940,-0.66,nigeria
21,1941,-0.34,nigeria
22,1942,-0.53,nigeria
23,1943,-1.0,nigeria
24,1944,-0.84,nigeria
25,1945,-0.79,nigeria
26,1946,-0.88,nigeria
27,1947,-0.69,nigeria
28,1948,-1.03,nigeria
29,1949,-0.73,nigeria
30,1950,-0.96,nigeria
31,1951,-0.75,nigeria
32,1952,-0.73,nigeria
33,1953,-0.71,nigeria
34,1954,-0.96,nigeria
35,1955,-0.96,nigeria
36,1956,-0.99,nigeria
37,1957,-0.74,nigeria
38,1958,-0.51,nigeria
39,1959,-0.55,nigeria
40,1960,-0.67,nigeria
41,1961,-0.87,nigeria
42,1962,-0.76,nigeria
43,1963,-0.45,nigeria
44,1964,-0.76,nigeria
45,1965,-0.68,nigeria
46,1966,-0.52,nigeria
47,1967,-0.8,nigeria
48,1968,-0.68,nigeria
49,1969,-0.41,nigeria
50,1970,-0.41,nigeria
51,1971,-0.66,nigeria
52,1972,-0.61,nigeria
53,1973,-0.01,nigeria
54,1974,-0.74,nigeria
55,1975,-0.87,nigeria
56,1976,-0.83,nigeria
57,1977,-0.4,nigeria
58,1978,-0.56,nigeria
59,1979,-0.29,nigeria
60,1980,-0.27,nigeria
61,1981,-0.45,nigeria
62,1982,-0.37,nigeria
63,1983,-0.07,nigeria
64,1984,-0.2,nigeria
65,1985,-0.28,nigeria
66,1986,-0.31,nigeria
67,1987,0.29,nigeria
68,1988,-0.1,nigeria
69,1989,-0.54,nigeria
70,1990,-0.08,nigeria
71,1991,-0.29,nigeria
72,1992,-0.36,nigeria
73,1993,-0.01,nigeria
74,1994,-0.33,nigeria
75,1995,0.03,nigeria
76,1996,-0.03,nigeria
77,1997,-0.02,nigeria
78,1998,0.35,nigeria
79,1999,0.06,nigeria
80,2000,-0.15,nigeria
81,2001,0.02,nigeria
82,2002,0.23,nigeria
83,2003,0.37,nigeria
84,2004,0.23,nigeria
85,2005,0.48,nigeria
86,2006,0.15,nigeria
87,2007,0.26,nigeria
88,2008,0.11,nigeria
89,2009,0.44,nigeria
90,2010,0.58,nigeria
91,2011,0.22,nigeria
92,2012,0.2,nigeria
93,2013,0.26,nigeria
94,2014,0.37,nigeria
95,2015,0.61,nigeria
96,2016,0.66,nigeria
97,2017,0.42,nigeria
98,2018,0.39,nigeria
0,1920,-0.75,tanzania
1,1921,-1.1,tanzania
2,1922,-0.95,tanzania
3,1923,-1.26,tanzania
4,1924,-0.64,tanzania
5,1925,-1.18,tanzania
6,1926,-0.06,tanzania
7,1927,-0.69,tanzania
8,1928,-0.66,tanzania
9,1929,-0.45,tanzania
10,1930,-0.57,tanzania
11,1931,-0.89,tanzania
12,1932,-1.09,tanzania
13,1933,-0.8,tanzania
14,1934,-1.14,tanzania
15,1935,-0.97,tanzania
16,1936,-0.73,tanzania
17,1937,-0.35,tanzania
18,1938,-0.72,tanzania
19,1939,-0.83,tanzania
20,1940,-0.33,tanzania
21,1941,-0.63,tanzania
22,1942,-0.26,tanzania
23,1943,-0.35,tanzania
24,1944,-0.36,tanzania
25,1945,0.09,tanzania
26,1946,-0.72,tanzania
27,1947,-0.23,tanzania
28,1948,-0.21,tanzania
29,1949,-0.02,tanzania
30,1950,-0.3,tanzania
31,1951,-0.86,tanzania
32,1952,-0.65,tanzania
33,1953,-0.28,tanzania
34,1954,-0.95,tanzania
35,1955,0.39,tanzania
36,1956,-1.24,tanzania
37,1957,-0.66,tanzania
38,1958,-0.53,tanzania
39,1959,-0.75,tanzania
40,1960,-0.6,tanzania
41,1961,0.17,tanzania
42,1962,-0.29,tanzania
43,1963,-0.65,tanzania
44,1964,-0.36,tanzania
45,1965,-0.77,tanzania
46,1966,-0.52,tanzania
47,1967,-0.78,tanzania
48,1968,-0.86,tanzania
49,1969,-0.67,tanzania
50,1970,-0.54,tanzania
51,1971,-1.26,tanzania
52,1972,-1.71,tanzania
53,1973,-0.79,tanzania
54,1974,-1.11,tanzania
55,1975,-0.88,tanzania
56,1976,-0.96,tanzania
57,1977,-0.87,tanzania
58,1978,-0.55,tanzania
59,1979,-0.65,tanzania
60,1980,-0.37,tanzania
61,1981,-0.27,tanzania
62,1982,-0.6,tanzania
63,1983,-0.03,tanzania
64,1984,-0.58,tanzania
65,1985,-0.17,tanzania
66,1986,-0.74,tanzania
67,1987,0.15,tanzania
68,1988,-0.27,tanzania
69,1989,0.21,tanzania
70,1990,0.21,tanzania
71,1991,-0.68,tanzania
72,1992,-0.46,tanzania
73,1993,-0.77,tanzania
74,1994,-0.28,tanzania
75,1995,0.46,tanzania
76,1996,0.0,tanzania
77,1997,0.46,tanzania
78,1998,0.24,tanzania
79,1999,-0.17,tanzania
80,2000,0.02,tanzania
81,2001,0.39,tanzania
82,2002,0.17,tanzania
83,2003,0.36,tanzania
84,2004,0.25,tanzania
85,2005,0.19,tanzania
86,2006,0.54,tanzania
87,2007,0.07,tanzania
88,2008,-0.02,tanzania
89,2009,0.5,tanzania
90,2010,0.84,tanzania
91,2011,0.63,tanzania
92,2012,0.34,tanzania
93,2013,0.28,tanzania
94,2014,0.43,tanzania
95,2015,0.45,tanzania
96,2016,0.64,tanzania
97,2017,0.94,tanzania
98,2018,-0.02,tanzania
0,1920,-1.13,mauritania
1,1921,-1.49,mauritania
2,1922,-1.36,mauritania
3,1923,-1.49,mauritania
4,1924,-0.96,mauritania
5,1925,-1.29,mauritania
6,1926,-0.73,mauritania
7,1927,-1.03,mauritania
8,1928,-1.46,mauritania
9,1929,-1.33,mauritania
10,1930,-1.3,mauritania
11,1931,-0.93,mauritania
12,1932,-1.37,mauritania
13,1933,-1.34,mauritania
14,1934,-1.53,mauritania
15,1935,-1.46,mauritania
16,1936,-1.06,mauritania
17,1937,-0.76,mauritania
18,1938,-1.27,mauritania
19,1939,-1.72,mauritania
20,1940,-1.13,mauritania
21,1941,-1.12,mauritania
22,1942,-0.85,mauritania
23,1943,-1.11,mauritania
24,1944,-0.83,mauritania
25,1945,-0.28,mauritania
26,1946,-1.27,mauritania
27,1947,-0.78,mauritania
28,1948,-0.99,mauritania
29,1949,-0.89,mauritania
30,1950,-1.06,mauritania
31,1951,-1.18,mauritania
32,1952,-1.21,mauritania
33,1953,-0.86,mauritania
34,1954,-1.39,mauritania
35,1955,-0.43,mauritania
36,1956,-1.3,mauritania
37,1957,-1.29,mauritania
38,1958,-0.48,mauritania
39,1959,-1.04,mauritania
40,1960,-0.89,mauritania
41,1961,-0.45,mauritania
42,1962,-0.72,mauritania
43,1963,-0.85,mauritania
44,1964,-0.41,mauritania
45,1965,-1.07,mauritania
46,1966,-0.73,mauritania
47,1967,-1.1,mauritania
48,1968,-1.12,mauritania
49,1969,-0.65,mauritania
50,1970,-0.47,mauritania
51,1971,-1.56,mauritania
52,1972,-1.59,mauritania
53,1973,-0.63,mauritania
54,1974,-1.61,mauritania
55,1975,-1.19,mauritania
56,1976,-1.9,mauritania
57,1977,-0.57,mauritania
58,1978,-0.61,mauritania
59,1979,-0.2,mauritania
60,1980,-0.66,mauritania
61,1981,-0.3,mauritania
62,1982,-0.83,mauritania
63,1983,0.69,mauritania
64,1984,-0.69,mauritania
65,1985,-0.58,mauritania
66,1986,-0.94,mauritania
67,1987,0.43,mauritania
68,1988,-0.37,mauritania
69,1989,-0.09,mauritania
70,1990,0.08,mauritania
71,1991,-0.65,mauritania
72,1992,-0.42,mauritania
73,1993,-0.57,mauritania
74,1994,-0.02,mauritania
75,1995,0.15,mauritania
76,1996,0.08,mauritania
77,1997,0.19,mauritania
78,1998,0.45,mauritania
79,1999,0.27,mauritania
80,2000,0.08,mauritania
81,2001,0.49,mauritania
82,2002,0.33,mauritania
83,2003,0.16,mauritania
84,2004,0.08,mauritania
85,2005,0.43,mauritania
86,2006,0.16,mauritania
87,2007,0.08,mauritania
88,2008,0.37,mauritania
89,2009,0.18,mauritania
90,2010,0.73,mauritania
91,2011,0.39,mauritania
92,2012,0.33,mauritania
93,2013,0.45,mauritania
94,2014,0.29,mauritania
95,2015,0.74,mauritania
96,2016,0.62,mauritania
97,2017,0.67,mauritania
98,2018,-0.19,mauritania
0,1920,-0.48,zimbabwe
1,1921,-0.74,zimbabwe
2,1922,0.02,zimbabwe
3,1923,-0.56,zimbabwe
4,1924,-0.52,zimbabwe
5,1925,-0.89,zimbabwe
6,1926,-0.53,zimbabwe
7,1927,-0.73,zimbabwe
8,1928,-0.36,zimbabwe
9,1929,-0.49,zimbabwe
10,1930,-0.92,zimbabwe
11,1931,-0.07,zimbabwe
12,1932,-0.52,zimbabwe
13,1933,-0.52,zimbabwe
14,1934,-0.36,zimbabwe
15,1935,-0.83,zimbabwe
16,1936,-0.69,zimbabwe
17,1937,-0.67,zimbabwe
18,1938,-0.31,zimbabwe
19,1939,-0.98,zimbabwe
20,1940,-0.56,zimbabwe
21,1941,-0.1,zimbabwe
22,1942,0.0,zimbabwe
23,1943,-0.58,zimbabwe
24,1944,-0.34,zimbabwe
25,1945,-0.61,zimbabwe
26,1946,-0.42,zimbabwe
27,1947,-0.14,zimbabwe
28,1948,-0.58,zimbabwe
29,1949,-0.14,zimbabwe
30,1950,-0.38,zimbabwe
31,1951,-0.6,zimbabwe
32,1952,-0.26,zimbabwe
33,1953,-0.86,zimbabwe
34,1954,-0.49,zimbabwe
35,1955,-0.62,zimbabwe
36,1956,-0.89,zimbabwe
37,1957,0.01,zimbabwe
38,1958,-0.43,zimbabwe
39,1959,-0.17,zimbabwe
40,1960,-0.47,zimbabwe
41,1961,-0.33,zimbabwe
42,1962,-0.41,zimbabwe
43,1963,-0.84,zimbabwe
44,1964,-0.8,zimbabwe
45,1965,-0.88,zimbabwe
46,1966,-0.45,zimbabwe
47,1967,-0.63,zimbabwe
48,1968,-0.4,zimbabwe
49,1969,-0.59,zimbabwe
50,1970,-0.06,zimbabwe
51,1971,-0.64,zimbabwe
52,1972,-0.64,zimbabwe
53,1973,-0.11,zimbabwe
54,1974,-1.08,zimbabwe
55,1975,-0.68,zimbabwe
56,1976,-1.02,zimbabwe
57,1977,-0.08,zimbabwe
58,1978,-0.71,zimbabwe
59,1979,-0.27,zimbabwe
60,1980,-0.44,zimbabwe
61,1981,-0.74,zimbabwe
62,1982,-0.18,zimbabwe
63,1983,0.56,zimbabwe
64,1984,0.06,zimbabwe
65,1985,-0.47,zimbabwe
66,1986,-0.7,zimbabwe
67,1987,0.71,zimbabwe
68,1988,-0.07,zimbabwe
69,1989,-0.36,zimbabwe
70,1990,0.09,zimbabwe
71,1991,-0.21,zimbabwe
72,1992,0.06,zimbabwe
73,1993,-0.11,zimbabwe
74,1994,-0.31,zimbabwe
75,1995,0.02,zimbabwe
76,1996,-0.36,zimbabwe
77,1997,-0.15,zimbabwe
78,1998,0.45,zimbabwe
79,1999,-0.07,zimbabwe
80,2000,-0.36,zimbabwe
81,2001,-0.14,zimbabwe
82,2002,0.27,zimbabwe
83,2003,0.42,zimbabwe
84,2004,0.0,zimbabwe
85,2005,0.78,zimbabwe
86,2006,-0.2,zimbabwe
87,2007,0.33,zimbabwe
88,2008,0.03,zimbabwe
89,2009,0.03,zimbabwe
90,2010,0.65,zimbabwe
91,2011,-0.04,zimbabwe
92,2012,0.41,zimbabwe
93,2013,0.54,zimbabwe
94,2014,0.38,zimbabwe
95,2015,1.31,zimbabwe
96,2016,1.14,zimbabwe
97,2017,0.43,zimbabwe
98,2018,0.85,zimbabwe
