FORM ID,DATE START,DATE END,LOCATION ID,LOCATION NAME,COUNTRY NAME,EMERGENCY / POST-EMERGENCY,NUMBER OF PERSONS PER USABLE HANDPUMP / WELL / SPRING,NUMBER OF PERSONS PER USABLE WATER TAP,AVERAGE # LITERS OF POTABLE WATER AVAILABLE PER PERSON PER DAY,% WATER QUALITY TESTS AT NON CHLORINATED WATER COLLECTION LOCATIONS WITH 0 CFU/100ML,% OF WATER QUALITY TESTS AT CHLORINATED COLLECTION LOCATIONS WITH FRC IN THE RANGE 0.2-2MG/L AND TURBIDITY <5NTU5,NUMBER OF PERSONS PER TOILET/LATRINE,NUMBER OF PERSONS PER BATH SHELTER/SHOWER,NUMBER OF PERSONS PER HYGIENE PROMOTER,REFUGEE POPULATION,REPORTING PERIOD - MONTHLY INDICATOR,AVERAGE # L/P/D OF POTABLE WATER COLLECTED AT HOUSEHOLD LEVEL,% HOUSEHOLDS WITH AT LEAST 10 LITERS/PERSON POTABLE WATER STORAGE CAPACITY,% HOUSEHOLDS COLLECTING DRINKING WATER FROM PROTECTED/TREATED SOURCES,% HOUSEHOLDS WITH HOUSEHOLD TOILET/LATRINE,% HOUSEHOLDS REPORTING DEFECATING IN A TOILET,% HOUSEHOLDS WITH ACCESS TO SOAP,% HOUSEHOLDS WITH ACCESS TO SOLID WASTE DISPOSAL FACILITY,REPORTING PERIOD - ANNUAL INDICATOR
1154111,1/1/2019,12/31/2019,569,Kutupalong,Bangladesh,,,,,,,,,,,,,,,,,,,
623239,1/1/2019,12/31/2019,403,Za'atri,Jordan,,,,,,,,,,,,,,,,,,,
3292561,1/1/2019,12/31/2019,365,Tongogara,Zimbabwe,,,,,,,,,,,,15,65.5,100,32,73.4,88.5,55.7,5/1/2019
4876132,9/2/2019,9/29/2019,538,Adi Harush,Ethiopia,Post-emergency,,114,11,100,100,11,37,989,17805,9/1/2019,,,,,,,,
4876127,9/2/2019,9/29/2019,539,Aysaita,Ethiopia,Post-emergency,,110,20,100,100,21,45,3347,16735,9/1/2019,,,,,,,,
4876126,9/2/2019,9/29/2019,407,Barahle,Ethiopia,Post-emergency,,76,12,100,100,15,28,1011,13147,9/1/2019,,,,,,,,
4276716,9/2/2019,9/29/2019,533,Bokolmanyo,Ethiopia,Post-emergency,,139,16,,100,54,61,716,42981,9/1/2019,,,,,,,,
4276866,9/2/2019,9/29/2019,541,Buramino,Ethiopia,Post-emergency,,116,13,,100,44,73,1625,42271,9/1/2019,,,,,,,,
4276715,9/2/2019,9/29/2019,429,Dollo Ado Transit Centre,Ethiopia,Emergency,,,11,,,45,113,,907,9/1/2019,,,,,,,,
4285819,9/2/2019,9/29/2019,527,Fugnido,Ethiopia,Post-emergency,,69,19,,100,11,37,751,40595,9/1/2019,,,,,,,,
4285818,9/2/2019,9/29/2019,497,Fugnido 2,Ethiopia,Post-emergency,,48,20,,100,11,17,440,8807,9/1/2019,,,,,,,,
4276865,9/2/2019,9/29/2019,537,Hilaweyn,Ethiopia,Post-emergency,,148,13,,100,54,24,1671,51807,9/1/2019,,,,,,,,
4876129,9/2/2019,9/29/2019,435,Hitsats,Ethiopia,Post-emergency,6787,113,10,100,100,11,11,678,13574,9/1/2019,,,,,,,,
4285804,9/2/2019,9/29/2019,494,Jewi,Ethiopia,Post-emergency,,119,16,,100,10,26,907,54445,9/1/2019,,,,,,,,
4276864,9/2/2019,9/29/2019,536,Kobe,Ethiopia,Post-emergency,,163,19,,0,21,28,804,48275,9/1/2019,,,,,,,,
4285803,9/2/2019,9/29/2019,450,Kule,Ethiopia,Post-emergency,,132,13,,100,12,26,541,42774,9/1/2019,,,,,,,,
4876131,9/2/2019,9/29/2019,534,Mai Aini,Ethiopia,Post-emergency,,89,14,100,100,8,22,892,14275,9/1/2019,,,,,,,,
4276863,9/2/2019,9/29/2019,535,Melkadida,Ethiopia,Post-emergency,,122,22,,100,17,28,579,34784,9/1/2019,,,,,,,,
4285842,9/2/2019,9/29/2019,4015,Ngueyyiel,Ethiopia,Post-emergency,,136,10,,100,15,16,576,81872,9/1/2019,,,,,,,,
4598214,9/2/2019,9/29/2019,544,Okugo,Ethiopia,Post-emergency,,86,21,,100,17,,475,10465,9/1/2019,,,,,,,,
4876130,9/2/2019,9/29/2019,529,Shimelba,Ethiopia,Post-emergency,,90,15,100,100,6,19,439,7026,9/1/2019,,,,,,,,
4285820,9/2/2019,9/29/2019,546,Tierkidi,Ethiopia,Post-emergency,,195,9,,100,16,255,1105,60785,9/1/2019,,,,,,,,
3462066,9/2/2019,9/29/2019,403,Za'atri,Jordan,Post-emergency,,4,58,100,100,3,5,2600,78000,9/1/2019,,,,,,,,
4277613,9/2/2019,9/29/2019,313,Dzaleka,Malawi,Post-emergency,1028,72,6,,,8,14,152,43414,9/1/2019,,,,,,,,
4484622,9/2/2019,9/29/2019,644,Osire,Namibia,Post-emergency,7736,,23,100,,11,,,4470,9/1/2019,,,,,,,,
4869383,9/2/2019,9/29/2019,549,Imvepi,Uganda,Post-emergency,300,154,24,64,50,4,4,581,61017,9/1/2019,,,,,,,,
4869384,9/2/2019,9/29/2019,548,Rhino Camp,Uganda,Post-emergency,229,278,25,,,7,17,777,111221,9/1/2019,,,,,,,,
4188853,9/2/2019,9/29/2019,559,Rwamwanja,Uganda,Post-emergency,900,985,12,99,8,6,226,381,69372,9/1/2019,,,,,,,,
4822667,9/2/2019,9/29/2019,4067,Mantapala,Zambia,Post-emergency,249,125,22,100,50,6,5,297,14855,9/1/2019,,,,,,,,
3523339,7/29/2019,9/1/2019,463,Auserd,Algeria,Post-emergency,,61,7,100,100,5,4,642,18638,8/1/2019,,,,,,,,
3523312,7/29/2019,9/1/2019,464,Boujdour,Algeria,Post-emergency,,,21,100,100,5,4,331,9601,8/1/2019,,,,,,,,
3523468,7/29/2019,9/1/2019,465,Dakhla,Algeria,Post-emergency,,49,42,,100,5,4,374,10870,8/1/2019,,,,,,,,
3523460,7/29/2019,9/1/2019,466,Layounne,Algeria,Post-emergency,,,13,,100,5,5,1275,25503,8/1/2019,,,,,,,,
3430911,7/29/2019,9/1/2019,467,Smara,Algeria,Post-emergency,,98,19,,100,5,5,1493,25389,8/1/2019,,,,,,,,
3155172,7/29/2019,9/1/2019,209,Lunda Norte,Angola,Post-emergency,,91,12,,,5,,922,20287,8/1/2019,,,,,,,,
3428597,7/29/2019,9/1/2019,625,Minawao,Cameroon,Post-emergency,500,1094,14,45,5,26,27,724,59401,8/1/2019,,,,,,,,
3303528,7/29/2019,9/1/2019,572,Amboko,Chad,Post-emergency,484,,25,83,83,6,6,1855,11134,8/1/2019,,,,,,,,
3303529,7/29/2019,9/1/2019,573,Amnabak,Chad,Post-emergency,,310,12,100,100,12,12,4585,22929,8/1/2019,,,,,,,,
3308430,7/29/2019,9/1/2019,4284,Beakoro,Chad,Post-emergency,1100,,10,,,18,18,99,199,8/1/2019,,,,,,,,
3308428,7/29/2019,9/1/2019,4282,Bekan,Chad,Post-emergency,1125,,10,,,41,46,675,3376,8/1/2019,,,,,,,,
3304286,7/29/2019,9/1/2019,4277,Bekourou,Chad,Post-emergency,722,,16,,,24,26,288,1444,8/1/2019,,,,,,,,
3303545,7/29/2019,9/1/2019,600,Belom,Chad,Post-emergency,539,,29,100,100,7,6,4631,23157,8/1/2019,,,,,,,,
3303530,7/29/2019,9/1/2019,574,Bredjing,Chad,Post-emergency,,269,14,100,100,11,10,4843,48439,8/1/2019,,,,,,,,
3303527,7/29/2019,9/1/2019,484,Dar Es Salam,Chad,Post-emergency,410,,30,100,100,21,20,2457,12287,8/1/2019,,,,,,,,
3304284,7/29/2019,9/1/2019,4275,Dembo,Chad,Post-emergency,791,,15,,,33,33,632,3163,8/1/2019,,,,,,,,
3308426,7/29/2019,9/1/2019,4280,Diba,Chad,Post-emergency,934,,12,,,12,12,747,3735,8/1/2019,,,,,,,,
3308425,7/29/2019,9/1/2019,4279,Dilingala,Chad,Post-emergency,770,,15,,,35,39,462,2311,8/1/2019,,,,,,,,
3303531,7/29/2019,9/1/2019,575,Djabal,Chad,Post-emergency,,111,20,83,83,10,9,4681,23407,8/1/2019,,,,,,,,
3303526,7/29/2019,9/1/2019,483,Doholo,Chad,Post-emergency,620,,28,82,82,6,5,1364,6822,8/1/2019,,,,,,,,
3303532,7/29/2019,9/1/2019,576,Dosseye,Chad,Post-emergency,407,,30,88,88,6,5,3252,16262,8/1/2019,,,,,,,,
3303533,7/29/2019,9/1/2019,577,Farchana,Chad,Post-emergency,,386,13,100,100,8,7,4298,30088,8/1/2019,,,,,,,,
3303535,7/29/2019,9/1/2019,578,Gaga,Chad,Post-emergency,,624,14,100,100,8,7,4367,26206,8/1/2019,,,,,,,,
3304287,7/29/2019,9/1/2019,4278,Gon,Chad,Post-emergency,938,,12,,,59,72,375,1875,8/1/2019,,,,,,,,
3303536,7/29/2019,9/1/2019,579,Gondje,Chad,Post-emergency,368,,33,100,100,7,7,1839,9199,8/1/2019,,,,,,,,
3303537,7/29/2019,9/1/2019,580,Goz Amer,Chad,Post-emergency,677,,18,85,85,9,8,5977,35866,8/1/2019,,,,,,,,
3303538,7/29/2019,9/1/2019,581,Iridimi,Chad,Post-emergency,,149,14,100,100,11,11,4100,20503,8/1/2019,,,,,,,,
3303524,7/29/2019,9/1/2019,482,Kerfi,Chad,Post-emergency,267,,40,100,100,5,5,445,1335,8/1/2019,,,,,,,,
3303539,7/29/2019,9/1/2019,582,Kounoungou,Chad,Post-emergency,,221,15,100,100,12,11,3894,19473,8/1/2019,,,,,,,,
3303540,7/29/2019,9/1/2019,583,Mile,Chad,Post-emergency,,157,14,100,100,14,14,4153,20768,8/1/2019,,,,,,,,
3303544,7/29/2019,9/1/2019,599,Moyo,Chad,Post-emergency,337,,42,100,100,6,5,1685,8428,8/1/2019,,,,,,,,
3303541,7/29/2019,9/1/2019,584,Oure Cassoni,Chad,Post-emergency,,203,18,100,100,8,8,6089,30449,8/1/2019,,,,,,,,
3304285,7/29/2019,9/1/2019,4276,Silambi,Chad,Post-emergency,,,0,,,13,13,,902,8/1/2019,,,,,,,,
3303542,7/29/2019,9/1/2019,585,Touloum,Chad,Post-emergency,,164,15,100,100,13,13,5103,25515,8/1/2019,,,,,,,,
3303543,7/29/2019,9/1/2019,586,Treguine,Chad,Post-emergency,946,,13,89,89,7,7,4256,25539,8/1/2019,,,,,,,,
3308427,7/29/2019,9/1/2019,4281,Vom,Chad,Post-emergency,629,,19,,,8,8,251,1257,8/1/2019,,,,,,,,
4052532,7/29/2019,9/1/2019,4285,Maicao,Colombia,Emergency,,,17,,,12,14,,350,8/1/2019,,,,,,,,
4187047,7/29/2019,9/1/2019,486,Bili,Democratic Republic of the Congo,Post-emergency,4771,,8,,,10,16,2385,9542,8/1/2019,,,,,,,,
4594461,7/29/2019,9/1/2019,660,Boyabo,Democratic Republic of the Congo,Post-emergency,594,,20,100,,29,35,4308,17234,8/1/2019,,,,,,,,
4187162,7/29/2019,9/1/2019,660,Boyabo,Democratic Republic of the Congo,Post-emergency,603,,19,100,,30,36,4375,17500,8/1/2019,,,,,,,,
4594462,7/29/2019,9/1/2019,657,Inke,Democratic Republic of the Congo,Post-emergency,698,,17,,,27,44,4535,18143,8/1/2019,,,,,,,,
4186940,7/29/2019,9/1/2019,657,Inke,Democratic Republic of the Congo,Post-emergency,693,,17,,,27,43,4507,18029,8/1/2019,,,,,,,,
4188912,7/29/2019,9/1/2019,658,Mole,Democratic Republic of the Congo,Post-emergency,4952,990,14,100,100,23,34,3714,14857,8/1/2019,,,,,,,,
4594463,7/29/2019,9/1/2019,658,Mole,Democratic Republic of the Congo,Post-emergency,4984,,14,100,100,23,34,3737,14951,8/1/2019,,,,,,,,
3794417,7/29/2019,9/1/2019,538,Adi Harush,Ethiopia,Post-emergency,,80,15,100,100,10,31,1175,15279,8/1/2019,,,,,,,,
3428945,7/29/2019,9/1/2019,539,Aysaita,Ethiopia,Post-emergency,,158,16,,100,28,71,4278,21392,8/1/2019,,,,,,,,
4794804,7/29/2019,9/1/2019,543,Bambasi,Ethiopia,Post-emergency,,50,14,100,100,5,6,1136,17041,8/1/2019,,,,,,,,
3428941,7/29/2019,9/1/2019,407,Barahle,Ethiopia,Post-emergency,,110,12,,100,23,41,1472,19143,8/1/2019,,,,,,,,
3375189,7/29/2019,9/1/2019,533,Bokolmanyo,Ethiopia,Post-emergency,,130,16,,100,39,43,716,42981,8/1/2019,,,,,,,,
3375193,7/29/2019,9/1/2019,541,Buramino,Ethiopia,Post-emergency,,116,15,,100,43,73,1625,42271,8/1/2019,,,,,,,,
3375188,7/29/2019,9/1/2019,429,Dollo Ado Transit Centre,Ethiopia,Emergency,,91,18,,100,27,68,548,548,8/1/2019,,,,,,,,
3301329,7/29/2019,9/1/2019,527,Fugnido,Ethiopia,Post-emergency,,69,20,,100,11,37,748,40418,8/1/2019,,,,,,,,
3301325,7/29/2019,9/1/2019,497,Fugnido 2,Ethiopia,Post-emergency,,47,20,,100,11,17,435,8715,8/1/2019,,,,,,,,
4795466,7/29/2019,9/1/2019,3973,Gure-Shembola,Ethiopia,Post-emergency,,114,14,100,100,14,21,840,8400,8/1/2019,,,,,,,,
3375192,7/29/2019,9/1/2019,537,Hilaweyn,Ethiopia,Post-emergency,,148,17,,100,50,24,1671,51807,8/1/2019,,,,,,,,
3791351,7/29/2019,9/1/2019,435,Hitsats,Ethiopia,Post-emergency,6794,98,12,100,100,11,11,679,13588,8/1/2019,,,,,,,,
3301328,7/29/2019,9/1/2019,494,Jewi,Ethiopia,Post-emergency,,118,17,,100,9,26,899,53982,8/1/2019,,,,,,,,
3272122,7/29/2019,9/1/2019,530,Kebribeyah,Ethiopia,Post-emergency,,67,14,,,15,,,14532,8/1/2019,,,,,,,,
3375191,7/29/2019,9/1/2019,536,Kobe,Ethiopia,Post-emergency,,163,20,,100,20,28,804,48275,8/1/2019,,,,,,,,
3301327,7/29/2019,9/1/2019,450,Kule,Ethiopia,Post-emergency,,132,16,,100,12,85,541,42785,8/1/2019,,,,,,,,
3792660,7/29/2019,9/1/2019,534,Mai Aini,Ethiopia,Post-emergency,,98,12,100,100,9,25,874,15742,8/1/2019,,,,,,,,
3375190,7/29/2019,9/1/2019,535,Melkadida,Ethiopia,Post-emergency,,141,21,,100,18,28,579,34784,8/1/2019,,,,,,,,
3294072,7/29/2019,9/1/2019,4015,Ngueyyiel,Ethiopia,Post-emergency,,135,12,,100,15,16,574,81576,8/1/2019,,,,,,,,
3301331,7/29/2019,9/1/2019,544,Okugo,Ethiopia,Post-emergency,,83,21,,100,16,,461,10159,8/1/2019,,,,,,,,
4794796,7/29/2019,9/1/2019,525,Sherkole,Ethiopia,Post-emergency,,84,23,100,100,6,7,505,10109,8/1/2019,,,,,,,,
3792659,7/29/2019,9/1/2019,529,Shimelba,Ethiopia,Post-emergency,,95,20,100,100,7,20,463,7421,8/1/2019,,,,,,,,
3301333,7/29/2019,9/1/2019,546,Tierkidi,Ethiopia,Post-emergency,,189,12,,100,15,248,1074,59113,8/1/2019,,,,,,,,
4795185,7/29/2019,9/1/2019,540,Tongo,Ethiopia,Post-emergency,,161,19,100,100,7,4,503,10074,8/1/2019,,,,,,,,
4795326,7/29/2019,9/1/2019,496,Tsore Camp (Assosa),Ethiopia,Post-emergency,,91,21,100,100,6,6,609,12186,8/1/2019,,,,,,,,
3944021,7/29/2019,9/1/2019,445,Arbat,Iraq,Post-emergency,,4,128,100,100,4,4,1817,9088,8/1/2019,,,,,,,,
3428217,7/29/2019,9/1/2019,446,Basirma,Iraq,Post-emergency,,5,127,100,100,5,4,858,2575,8/1/2019,,,,,,,,
3545829,7/29/2019,9/1/2019,442,Kawergosk,Iraq,Post-emergency,,4,97,100,100,4,4,946,7575,8/1/2019,,,,,,,,
3632555,7/29/2019,9/1/2019,444,Qushtapa,Iraq,Post-emergency,,5,94,100,100,4,4,896,8071,8/1/2019,,,,,,,,
3483827,7/29/2019,9/1/2019,427,Azraq,Jordan,Post-emergency,,119,62,,100,11,82,,35728,8/1/2019,,,,,,,,
4387628,7/29/2019,9/1/2019,517,Kakuma,Kenya,Post-emergency,,106,19,,81,17,,3719,189692,8/1/2019,,,,,,,,
4277602,7/29/2019,9/1/2019,313,Dzaleka,Malawi,Post-emergency,999,70,6,,,8,13,147,42161,8/1/2019,,,,,,,,
3266305,7/29/2019,9/1/2019,4306,15 Avril,Republic of Congo,Post-emergency,200,,14,80,100,52,181,1334,4002,8/1/2019,,,,,,,,
3342469,7/29/2019,9/1/2019,686,Ajoung Thok,South Sudan,Post-emergency,500,70,22,,81,7,,315,39154,8/1/2019,,,,,,,,
3342470,7/29/2019,9/1/2019,3886,Pamir,South Sudan,Post-emergency,500,84,16,,79,10,,498,33865,8/1/2019,,,,,,,,
4053151,7/29/2019,9/1/2019,678,Yusuf Batil,South Sudan,Post-emergency,250,89,26,,100,13,,498,45906,8/1/2019,,,,,,,,
3832502,7/29/2019,9/1/2019,334,Mukjar,Sudan,Post-emergency,,,,,,,,,,8/1/2019,,,,,,,,
3935523,7/29/2019,9/1/2019,552,Adjumani,Uganda,Post-emergency,0,,15,95,79,8,,1162,204557,8/1/2019,,,,,,,,
3523333,7/29/2019,9/1/2019,549,Imvepi,Uganda,Post-emergency,300,154,5,100,70,4,4,535,61017,8/1/2019,,,,,,,,
3300727,7/29/2019,9/1/2019,554,Kyaka II,Uganda,Emergency,,,8,,,8,15,,103000,8/1/2019,,,,,,,,
3300755,7/29/2019,9/1/2019,558,Nakivale,Uganda,Post-emergency,876,564,18,,,5,17,341,86293,8/1/2019,,,,,,,,
3073452,7/29/2019,9/1/2019,454,Nyumanzi Reception Centre,Uganda,Post-emergency,,,,,,,,,,8/1/2019,,,,,,,,
3300791,7/29/2019,9/1/2019,555,Oruchinga,Uganda,Post-emergency,472,617,22,82,100,10,12,891,8027,8/1/2019,,,,,,,,
3712618,7/29/2019,9/1/2019,548,Rhino Camp,Uganda,Post-emergency,242,273,26,,88,7,16,817,110345,8/1/2019,,,,,,,,
3454820,7/29/2019,9/1/2019,4067,Mantapala,Zambia,Post-emergency,249,125,22,,,6,5,299,14950,8/1/2019,,,,,,,,
3523338,7/1/2019,7/28/2019,463,Auserd,Algeria,Post-emergency,,61,16,100,100,5,4,642,18638,7/1/2019,,,,,,,,
3523311,7/1/2019,7/28/2019,464,Boujdour,Algeria,Post-emergency,,,23,100,100,5,4,331,9601,7/1/2019,,,,,,,,
3523467,7/1/2019,7/28/2019,465,Dakhla,Algeria,Post-emergency,,49,35,,,5,4,374,10870,7/1/2019,,,,,,,,
3523459,7/1/2019,7/28/2019,466,Layounne,Algeria,Post-emergency,,,13,83,100,5,5,1275,25503,7/1/2019,,,,,,,,
3430910,7/1/2019,7/28/2019,467,Smara,Algeria,Post-emergency,,98,20,100,100,5,5,1493,25389,7/1/2019,,,,,,,,
2967854,7/1/2019,7/28/2019,569,Kutupalong,Bangladesh,Post-emergency,,,,,,,,,,7/1/2019,,,,,,,,
3069291,7/1/2019,7/28/2019,570,NayaparaRC,Bangladesh,Post-emergency,13,1,27,90,35,33,65,1625,26000,7/1/2019,,,,,,,,
3149816,7/1/2019,7/28/2019,610,Bwagiriza,Burundi,Post-emergency,,103,20,,,6,5,,9875,7/1/2019,,,,,,,,
3149818,7/1/2019,7/28/2019,607,Gasorgwe,Burundi,Post-emergency,,376,20,,,15,29,,7912,7/1/2019,,,,,,,,
3149817,7/1/2019,7/28/2019,611,Kavumu,Burundi,Post-emergency,,124,9,,,14,6,,18023,7/1/2019,,,,,,,,
3149820,7/1/2019,7/28/2019,609,Musasa,Burundi,Post-emergency,,98,14,,,36,48,,8487,7/1/2019,,,,,,,,
3260979,7/1/2019,7/28/2019,625,Minawao,Cameroon,Post-emergency,,,,,,,,,,7/1/2019,,,,,,,,
3260977,7/1/2019,7/28/2019,625,Minawao,Cameroon,Post-emergency,3,1,5,,94,25,27,714,58629,7/1/2019,,,,,,,,
3260974,7/1/2019,7/28/2019,625,Minawao,Cameroon,Post-emergency,3,1,14,,100,26,27,721,59124,7/1/2019,,,,,,,,
4052529,7/1/2019,7/28/2019,4285,Maicao,Colombia,Emergency,,,17,,,13,14,,350,7/1/2019,,,,,,,,
4188911,7/1/2019,7/28/2019,658,Mole,Democratic Republic of the Congo,Post-emergency,2476,531,19,100,100,23,34,3714,14857,7/1/2019,,,,,,,,
3109413,7/1/2019,7/28/2019,538,Adi Harush,Ethiopia,Post-emergency,,97,10,100,100,10,31,848,15279,7/1/2019,,,,,,,,
3109422,7/1/2019,7/28/2019,539,Aysaita,Ethiopia,Post-emergency,,145,17,100,100,26,59,3921,19605,7/1/2019,,,,,,,,
4790495,7/1/2019,7/28/2019,543,Bambasi,Ethiopia,Post-emergency,,50,18,100,100,5,7,1136,17041,7/1/2019,,,,,,,,
3109420,7/1/2019,7/28/2019,407,Barahle,Ethiopia,Post-emergency,,101,11,100,100,20,37,1332,17323,7/1/2019,,,,,,,,
3116828,7/1/2019,7/28/2019,533,Bokolmanyo,Ethiopia,Post-emergency,,130,15,,100,39,43,716,42981,7/1/2019,,,,,,,,
3116907,7/1/2019,7/28/2019,541,Buramino,Ethiopia,Post-emergency,,116,15,,100,43,73,1625,42271,7/1/2019,,,,,,,,
3116827,7/1/2019,7/28/2019,429,Dollo Ado Transit Centre,Ethiopia,Emergency,,,6,,,83,208,,1665,7/1/2019,,,,,,,,
3068148,7/1/2019,7/28/2019,527,Fugnido,Ethiopia,Post-emergency,,67,19,,100,11,36,738,39876,7/1/2019,,,,,,,,
3068146,7/1/2019,7/28/2019,497,Fugnido 2,Ethiopia,Post-emergency,,47,19,,100,11,17,435,8715,7/1/2019,,,,,,,,
4794795,7/1/2019,7/28/2019,3973,Gure-Shembola,Ethiopia,Post-emergency,,88,23,100,100,10,14,563,5630,7/1/2019,,,,,,,,
3116906,7/1/2019,7/28/2019,537,Hilaweyn,Ethiopia,Post-emergency,,148,17,,100,50,24,1671,51807,7/1/2019,,,,,,,,
3109419,7/1/2019,7/28/2019,435,Hitsats,Ethiopia,Post-emergency,,107,12,100,100,11,11,679,13588,7/1/2019,,,,,,,,
3068143,7/1/2019,7/28/2019,494,Jewi,Ethiopia,Post-emergency,,117,17,,100,9,26,892,53538,7/1/2019,,,,,,,,
3116905,7/1/2019,7/28/2019,536,Kobe,Ethiopia,Post-emergency,,163,20,,100,20,28,804,48275,7/1/2019,,,,,,,,
3068142,7/1/2019,7/28/2019,450,Kule,Ethiopia,Post-emergency,,131,15,,100,12,26,539,42587,7/1/2019,,,,,,,,
3109417,7/1/2019,7/28/2019,534,Mai Aini,Ethiopia,Post-emergency,,97,11,100,100,9,0,,15742,7/1/2019,,,,,,,,
3116904,7/1/2019,7/28/2019,535,Melkadida,Ethiopia,Post-emergency,,141,20,,100,18,28,579,34784,7/1/2019,,,,,,,,
3067812,7/1/2019,7/28/2019,4015,Ngueyyiel,Ethiopia,Post-emergency,,135,11,,100,15,16,479,81091,7/1/2019,,,,,,,,
3068139,7/1/2019,7/28/2019,544,Okugo,Ethiopia,Post-emergency,,81,21,,100,16,,451,9929,7/1/2019,,,,,,,,
4186936,7/1/2019,7/28/2019,525,Sherkole,Ethiopia,Post-emergency,,80,18,100,100,7,7,505,10109,7/1/2019,,,,,,,,
3109418,7/1/2019,7/28/2019,529,Shimelba,Ethiopia,Post-emergency,,95,24,100,100,7,20,463,7421,7/1/2019,,,,,,,,
3068152,7/1/2019,7/28/2019,546,Tierkidi,Ethiopia,Post-emergency,,186,14,,100,15,244,1058,58242,7/1/2019,,,,,,,,
4789840,7/1/2019,7/28/2019,540,Tongo,Ethiopia,Post-emergency,,161,18,100,100,8,4,503,10074,7/1/2019,,,,,,,,
4794794,7/1/2019,7/28/2019,496,Tsore Camp (Assosa),Ethiopia,Post-emergency,,87,20,100,100,6,6,609,12186,7/1/2019,,,,,,,,
3260911,7/1/2019,7/28/2019,446,Basirma,Iraq,Post-emergency,,,122,100,100,5,4,878,2635,7/1/2019,,,,,,,,
3192688,7/1/2019,7/28/2019,442,Kawergosk,Iraq,Post-emergency,,,124,100,100,4,4,947,7582,7/1/2019,,,,,,,,
3257444,7/1/2019,7/28/2019,444,Qushtapa,Iraq,Post-emergency,,4,109,100,100,4,4,1001,8013,7/1/2019,,,,,,,,
3071836,7/1/2019,7/28/2019,518,Dagahaley,Kenya,Post-emergency,,91,27,69,99,7,,1894,75764,7/1/2019,,,,,,,,
3073906,7/1/2019,7/28/2019,519,Hagadera,Kenya,Post-emergency,,95,22,66,100,5,,1987,79511,7/1/2019,,,,,,,,
3073908,7/1/2019,7/28/2019,520,Ifo,Kenya,Post-emergency,,62,32,66,98,7,,1792,71695,7/1/2019,,,,,,,,
4387627,7/1/2019,7/28/2019,517,Kakuma,Kenya,Post-emergency,,105,19,,84,16,,4665,186622,7/1/2019,,,,,,,,
3117196,7/1/2019,7/28/2019,313,Dzaleka,Malawi,Post-emergency,925,69,7,,0,7,13,135,41110,7/1/2019,,,,,,,,
2362411,7/1/2019,7/28/2019,699,Beldangi,Nepal,Post-emergency,186,20,32,,,,,,5806,7/1/2019,,,,,,,,
3349978,7/1/2019,7/28/2019,4251,Adagom,Nigeria,Post-emergency,,,0,,,72,,,9233,7/1/2019,,,,,,,,
2949990,7/1/2019,7/28/2019,723,Malgagai,Pakistan,Post-emergency,8196,,0,,,10,,,8188,7/1/2019,,,,,,,,
3040419,7/1/2019,7/28/2019,4306,15 Avril,Republic of Congo,Post-emergency,202,,0,,100,49,,1921,3843,7/1/2019,,,,,,,,
3095057,7/1/2019,7/28/2019,626,Gihembe,Rwanda,Post-emergency,,56,18,,100,19,130,90,12569,7/1/2019,,,,,,,,
3094850,7/1/2019,7/28/2019,629,Kigeme,Rwanda,Post-emergency,,185,12,,,39,128,945,20793,7/1/2019,,,,,,,,
3094841,7/1/2019,7/28/2019,627,Kiziba,Rwanda,Post-emergency,,50,20,100,0,43,173,76,17008,7/1/2019,,,,,,,,
3095051,7/1/2019,7/28/2019,631,Mahama,Rwanda,Post-emergency,,77,19,100,100,17,17,509,61191,7/1/2019,,,,,,,,
3094960,7/1/2019,7/28/2019,630,Mugombwa,Rwanda,Post-emergency,,86,20,,100,24,38,872,10474,7/1/2019,,,,,,,,
3094845,7/1/2019,7/28/2019,628,Nyabiheke,Rwanda,Post-emergency,,96,16,,92,20,125,113,14303,7/1/2019,,,,,,,,
3272103,7/1/2019,7/28/2019,686,Ajoung Thok,South Sudan,Post-emergency,15,1,24,,89,7,,321,38862,7/1/2019,,,,,,,,
3272102,7/1/2019,7/28/2019,3886,Pamir,South Sudan,Post-emergency,13,1,17,,80,11,,494,33633,7/1/2019,,,,,,,,
3081875,7/1/2019,7/28/2019,549,Imvepi,Uganda,Post-emergency,5,1,20,50,68,4,4,515,59789,7/1/2019,,,,,,,,
3300728,7/1/2019,7/28/2019,554,Kyaka II,Uganda,Emergency,,,8,,,8,14,,95185,7/1/2019,,,,,,,,
3040779,7/1/2019,7/28/2019,558,Nakivale,Uganda,Post-emergency,3303,,18,,,6,11,9911,89207,7/1/2019,,,,,,,,
3040925,7/1/2019,7/28/2019,555,Oruchinga,Uganda,Post-emergency,427,559,24,94,100,9,11,2424,7272,7/1/2019,,,,,,,,
3292461,7/1/2019,7/28/2019,551,Palorinya,Uganda,Post-emergency,1,2,18,100,,8,,666,120638,7/1/2019,,,,,,,,
3082798,7/1/2019,7/28/2019,548,Rhino Camp,Uganda,Post-emergency,5,1,20,60,10,8,17,805,109556,7/1/2019,,,,,,,,
4188856,7/1/2019,7/28/2019,559,Rwamwanja,Uganda,Post-emergency,889,985,12,99,8,6,8,381,69372,7/1/2019,,,,,,,,
3523337,6/3/2019,6/30/2019,463,Auserd,Algeria,Post-emergency,,61,7,100,100,5,4,642,18638,6/1/2019,,,,,,,,
3523310,6/3/2019,6/30/2019,464,Boujdour,Algeria,Post-emergency,,,24,100,100,5,4,331,9601,6/1/2019,,,,,,,,
3523466,6/3/2019,6/30/2019,465,Dakhla,Algeria,Post-emergency,,49,43,,,5,4,374,10870,6/1/2019,,,,,,,,
3523458,6/3/2019,6/30/2019,466,Layounne,Algeria,Post-emergency,,,15,100,100,5,5,1275,25503,6/1/2019,,,,,,,,
3430909,6/3/2019,6/30/2019,467,Smara,Algeria,Post-emergency,,98,20,100,100,5,5,1493,25389,6/1/2019,,,,,,,,
4052528,6/3/2019,6/30/2019,4285,Maicao,Colombia,Emergency,,,17,,,12,14,,350,6/1/2019,,,,,,,,
3145062,6/3/2019,6/30/2019,491,#NAME?,Democratic Republic of the Congo,Post-emergency,,98,20,,27,16,23,1027,29799,6/1/2019,,,,,,,,
4190667,6/3/2019,6/30/2019,486,Bili,Democratic Republic of the Congo,Post-emergency,4771,1193,5,,,9,16,2385,9542,6/1/2019,,,,,,,,
4188908,6/3/2019,6/30/2019,660,Boyabo,Democratic Republic of the Congo,Post-emergency,614,,19,100,,29,35,4295,17182,6/1/2019,,,,,,,,
4188861,6/3/2019,6/30/2019,657,Inke,Democratic Republic of the Congo,Post-emergency,669,,17,,,32,45,4513,18054,6/1/2019,,,,,,,,
4188910,6/3/2019,6/30/2019,658,Mole,Democratic Republic of the Congo,Post-emergency,2476,531,19,100,100,23,34,3714,14857,6/1/2019,,,,,,,,
3145064,6/3/2019,6/30/2019,4246,Mulongué (Baraka),Democratic Republic of the Congo,Post-emergency,3,1,12,,32,8,8,515,7221,6/1/2019,,,,,,,,
2543399,6/3/2019,6/30/2019,538,Adi Harush,Ethiopia,Post-emergency,,79,13,100,100,10,31,898,15279,6/1/2019,,,,,,,,
2536325,6/3/2019,6/30/2019,531,Awbarre,Ethiopia,,,,,,,,,,,6/1/2019,,,,,,,,
2536297,6/3/2019,6/30/2019,531,Awbarre,Ethiopia,Post-emergency,,99,22,,33,21,,2230,11151,6/1/2019,,,,,,,,
3079392,6/3/2019,6/30/2019,539,Aysaita,Ethiopia,Post-emergency,,,35,100,100,27,64,3940,19701,6/1/2019,,,,,,,,
2541821,6/3/2019,6/30/2019,543,Bambasi,Ethiopia,Post-emergency,,51,15,100,100,6,6,1167,17516,6/1/2019,,,,,,,,
3079391,6/3/2019,6/30/2019,407,Barahle,Ethiopia,Post-emergency,,99,8,100,100,20,37,1332,17323,6/1/2019,,,,,,,,
2556596,6/3/2019,6/30/2019,533,Bokolmanyo,Ethiopia,Post-emergency,,130,17,,100,39,43,716,42981,6/1/2019,,,,,,,,
2558697,6/3/2019,6/30/2019,541,Buramino,Ethiopia,Post-emergency,,116,13,,100,43,73,1625,42271,6/1/2019,,,,,,,,
2559796,6/3/2019,6/30/2019,429,Dollo Ado Transit Centre,Ethiopia,Emergency,,,25,,,19,49,,394,6/1/2019,,,,,,,,
2599168,6/3/2019,6/30/2019,527,Fugnido,Ethiopia,Post-emergency,,67,19,0,100,11,36,730,39472,6/1/2019,,,,,,,,
2599199,6/3/2019,6/30/2019,497,Fugnido 2,Ethiopia,Post-emergency,,46,20,,100,11,17,431,8625,6/1/2019,,,,,,,,
2541823,6/3/2019,6/30/2019,3973,Gure-Shembola,Ethiopia,Post-emergency,,108,12,100,100,13,18,1032,7229,6/1/2019,,,,,,,,
2558692,6/3/2019,6/30/2019,537,Hilaweyn,Ethiopia,Post-emergency,,148,17,,100,50,24,1671,51807,6/1/2019,,,,,,,,
2543395,6/3/2019,6/30/2019,435,Hitsats,Ethiopia,Post-emergency,,98,10,100,100,10,11,754,13588,6/1/2019,,,,,,,,
2599165,6/3/2019,6/30/2019,494,Jewi,Ethiopia,Post-emergency,,112,18,,100,9,25,856,51409,6/1/2019,,,,,,,,
2524752,6/3/2019,6/30/2019,530,Kebribeyah,Ethiopia,Post-emergency,,630,12,,50,8,,2809,14047,6/1/2019,,,,,,,,
2558357,6/3/2019,6/30/2019,536,Kobe,Ethiopia,Post-emergency,,163,19,,100,20,28,804,48275,6/1/2019,,,,,,,,
2599163,6/3/2019,6/30/2019,450,Kule,Ethiopia,Post-emergency,,130,18,,100,12,26,535,42313,6/1/2019,,,,,,,,
2543398,6/3/2019,6/30/2019,534,Mai Aini,Ethiopia,Post-emergency,,97,14,100,100,9,25,828,15742,6/1/2019,,,,,,,,
2557593,6/3/2019,6/30/2019,535,Melkadida,Ethiopia,Post-emergency,,141,20,,100,18,28,579,34784,6/1/2019,,,,,,,,
2599170,6/3/2019,6/30/2019,4015,Ngueyyiel,Ethiopia,Post-emergency,,134,11,,100,16,16,475,80781,6/1/2019,,,,,,,,
2599189,6/3/2019,6/30/2019,544,Okugo,Ethiopia,Post-emergency,,73,20,,100,27,,442,9735,6/1/2019,,,,,,,,
2536326,6/3/2019,6/30/2019,532,Sheder,Ethiopia,Post-emergency,,86,6,,17,12,,2000,10002,6/1/2019,,,,,,,,
2541816,6/3/2019,6/30/2019,525,Sherkole,Ethiopia,Post-emergency,,90,20,100,100,7,7,550,11017,6/1/2019,,,,,,,,
2543396,6/3/2019,6/30/2019,529,Shimelba,Ethiopia,Post-emergency,,95,18,100,100,6,20,463,7421,6/1/2019,,,,,,,,
2599172,6/3/2019,6/30/2019,546,Tierkidi,Ethiopia,Post-emergency,,163,12,,100,13,213,925,50877,6/1/2019,,,,,,,,
2541818,6/3/2019,6/30/2019,540,Tongo,Ethiopia,Post-emergency,,176,18,100,100,9,5,610,12219,6/1/2019,,,,,,,,
2541822,6/3/2019,6/30/2019,496,Tsore Camp (Assosa),Ethiopia,Post-emergency,,43,21,100,100,7,7,653,13076,6/1/2019,,,,,,,,
2360515,6/3/2019,6/30/2019,445,Arbat,Iraq,Post-emergency,,4,124,100,100,4,4,1801,9005,6/1/2019,,,,,,,,
3258371,6/3/2019,6/30/2019,446,Basirma,Iraq,Post-emergency,,,113,100,100,5,4,882,2647,6/1/2019,,,,,,,,
3192685,6/3/2019,6/30/2019,442,Kawergosk,Iraq,Post-emergency,,4,119,100,100,4,4,947,7577,6/1/2019,,,,,,,,
3159704,6/3/2019,6/30/2019,444,Qushtapa,Iraq,Post-emergency,,4,110,100,100,4,4,993,7950,6/1/2019,,,,,,,,
3073911,6/3/2019,6/30/2019,518,Dagahaley,Kenya,Post-emergency,,90,27,72,100,7,,1885,75415,6/1/2019,,,,,,,,
3073913,6/3/2019,6/30/2019,519,Hagadera,Kenya,Post-emergency,,95,23,59,100,5,,1989,79560,6/1/2019,,,,,,,,
3073932,6/3/2019,6/30/2019,520,Ifo,Kenya,Post-emergency,,61,29,72,100,7,,1769,70799,6/1/2019,,,,,,,,
4387619,6/3/2019,6/30/2019,517,Kakuma,Kenya,Post-emergency,,106,19,,100,16,,3659,186622,6/1/2019,,,,,,,,
2558351,6/3/2019,6/30/2019,313,Dzaleka,Malawi,Post-emergency,1,10,7,,,7,13,130,39770,6/1/2019,,,,,,,,
3349977,6/3/2019,6/30/2019,4251,Adagom,Nigeria,Post-emergency,,,0,,100,72,,,9198,6/1/2019,,,,,,,,
2876579,6/3/2019,6/30/2019,4308,Bouemba,Republic of Congo,Emergency,,,14,,,20,20,,1358,6/1/2019,,,,,,,,
2876584,6/3/2019,6/30/2019,4307,Ikpembele,Republic of Congo,Post-emergency,312,,12,,73,110,94,,1316,6/1/2019,,,,,,,,
3095056,6/3/2019,6/30/2019,626,Gihembe,Rwanda,Post-emergency,,58,20,,100,20,134,99,12957,6/1/2019,,,,,,,,
3094853,6/3/2019,6/30/2019,629,Kigeme,Rwanda,Post-emergency,,187,12,100,100,39,129,955,21030,6/1/2019,,,,,,,,
3094844,6/3/2019,6/30/2019,627,Kiziba,Rwanda,Post-emergency,,50,20,,67,43,174,76,17055,6/1/2019,,,,,,,,
3095050,6/3/2019,6/30/2019,631,Mahama,Rwanda,Post-emergency,,76,19,100,100,17,17,504,60504,6/1/2019,,,,,,,,
3094962,6/3/2019,6/30/2019,630,Mugombwa,Rwanda,Post-emergency,,86,20,,100,24,38,869,10435,6/1/2019,,,,,,,,
3094847,6/3/2019,6/30/2019,628,Nyabiheke,Rwanda,Post-emergency,,96,16,,98,20,125,113,14289,6/1/2019,,,,,,,,
2371301,6/3/2019,6/30/2019,686,Ajoung Thok,South Sudan,Post-emergency,11,1,25,,86,7,,319,38640,6/1/2019,,,,,,,,
2561314,6/3/2019,6/30/2019,680,Doro,South Sudan,Post-emergency,14,1,19,,100,16,,503,60916,6/1/2019,,,,,,,,
2601894,6/3/2019,6/30/2019,680,Doro,South Sudan,Post-emergency,14,1,21,,100,16,,503,60916,6/1/2019,,,,,,,,
2601897,6/3/2019,6/30/2019,681,Gendrassa,South Sudan,Post-emergency,250,103,25,,100,8,,501,17535,6/1/2019,,,,,,,,
2561362,6/3/2019,6/30/2019,681,Gendrassa,South Sudan,Post-emergency,4,1,21,,100,8,,501,17535,6/1/2019,,,,,,,,
2561364,6/3/2019,6/30/2019,682,Kaya,South Sudan,Post-emergency,,1,33,,100,13,,505,23238,6/1/2019,,,,,,,,
3272098,6/3/2019,6/30/2019,3886,Pamir,South Sudan,Post-emergency,13,1,17,,71,11,,492,33483,6/1/2019,,,,,,,,
2561310,6/3/2019,6/30/2019,678,Yusuf Batil,South Sudan,Post-emergency,26,1,26,,100,13,,497,45763,6/1/2019,,,,,,,,
2601863,6/3/2019,6/30/2019,678,Yusuf Batil,South Sudan,Post-emergency,26,1,21,,100,13,,502,45763,6/1/2019,,,,,,,,
2540289,6/3/2019,6/30/2019,557,Ikafe,Uganda,Post-emergency,1850,194,17,,100,8,8,888,223939,6/1/2019,,,,,,,,
2367825,6/3/2019,6/30/2019,554,Kyaka II,Uganda,Emergency,,,8,,,8,14,,94567,6/1/2019,,,,,,,,
2385046,6/3/2019,6/30/2019,558,Nakivale,Uganda,Post-emergency,3303,825,17,89,98,6,11,9911,89207,6/1/2019,,,,,,,,
2500026,6/3/2019,6/30/2019,555,Oruchinga,Uganda,Post-emergency,472,617,22,94,100,10,13,891,8027,6/1/2019,,,,,,,,
2845364,6/3/2019,6/30/2019,551,Palorinya,Uganda,Post-emergency,1,2,8,,,8,7,656,118773,6/1/2019,,,,,,,,
4188858,6/3/2019,6/30/2019,559,Rwamwanja,Uganda,Post-emergency,900,973,12,99,8,6,8,376,68492,6/1/2019,,,,,,,,
2569486,6/3/2019,6/30/2019,365,Tongogara,Zimbabwe,Emergency,,,11,,,8,,,13009,6/1/2019,,,,,,,,
3523336,4/29/2019,6/2/2019,463,Auserd,Algeria,Post-emergency,,61,17,100,100,5,4,642,18638,5/1/2019,,,,,,,,
3523309,4/29/2019,6/2/2019,464,Boujdour,Algeria,Post-emergency,,,23,100,100,5,4,331,9601,5/1/2019,,,,,,,,
3523465,4/29/2019,6/2/2019,465,Dakhla,Algeria,Post-emergency,,49,37,100,100,5,4,374,10870,5/1/2019,,,,,,,,
3523457,4/29/2019,6/2/2019,466,Layounne,Algeria,Post-emergency,,,12,100,100,5,5,1275,25503,5/1/2019,,,,,,,,
3430908,4/29/2019,6/2/2019,467,Smara,Algeria,Post-emergency,,98,10,100,100,5,5,1493,25389,5/1/2019,,,,,,,,
3264673,4/29/2019,6/2/2019,625,Minawao,Cameroon,Post-emergency,3,1,5,82,100,26,27,711,58315,5/1/2019,,,,,,,,
3266277,4/29/2019,6/2/2019,625,Minawao,Cameroon,Post-emergency,3,1,11,,41,26,27,711,58315,5/1/2019,,,,,,,,
3270162,4/29/2019,6/2/2019,625,Minawao,Cameroon,Post-emergency,3,1,10,,67,26,27,711,58315,5/1/2019,,,,,,,,
4052527,4/29/2019,6/2/2019,4285,Maicao,Colombia,Emergency,,,14,,,12,14,,350,5/1/2019,,,,,,,,
3114916,4/29/2019,6/2/2019,491,#NAME?,Democratic Republic of the Congo,Post-emergency,,98,21,,27,16,23,1021,29609,5/1/2019,,,,,,,,
4190666,4/29/2019,6/2/2019,486,Bili,Democratic Republic of the Congo,Post-emergency,4771,1193,6,,,9,16,2385,9542,5/1/2019,,,,,,,,
4188907,4/29/2019,6/2/2019,660,Boyabo,Democratic Republic of the Congo,Post-emergency,614,,19,100,,29,35,4295,17182,5/1/2019,,,,,,,,
4188852,4/29/2019,6/2/2019,657,Inke,Democratic Republic of the Congo,Post-emergency,901,,13,,,31,45,4507,18029,5/1/2019,,,,,,,,
4188909,4/29/2019,6/2/2019,658,Mole,Democratic Republic of the Congo,Post-emergency,4952,531,13,100,100,23,34,3714,14857,5/1/2019,,,,,,,,
3145063,4/29/2019,6/2/2019,4246,Mulongué (Baraka),Democratic Republic of the Congo,Post-emergency,3,1,13,,28,7,8,485,6791,5/1/2019,,,,,,,,
2543389,4/29/2019,6/2/2019,538,Adi Harush,Ethiopia,Post-emergency,,88,15,100,100,11,35,850,17000,5/1/2019,,,,,,,,
2536340,4/29/2019,6/2/2019,531,Awbarre,Ethiopia,Post-emergency,,104,20,,50,22,,2378,11894,5/1/2019,,,,,,,,
3079388,4/29/2019,6/2/2019,539,Aysaita,Ethiopia,Post-emergency,,141,17,100,100,26,67,3810,19050,5/1/2019,,,,,,,,
2541812,4/29/2019,6/2/2019,543,Bambasi,Ethiopia,Post-emergency,,,15,,100,6,6,1167,17516,5/1/2019,,,,,,,,
3079386,4/29/2019,6/2/2019,407,Barahle,Ethiopia,Post-emergency,,99,8,100,100,20,37,1154,17323,5/1/2019,,,,,,,,
2556597,4/29/2019,6/2/2019,533,Bokolmanyo,Ethiopia,Post-emergency,,130,17,,100,39,43,716,42981,5/1/2019,,,,,,,,
2558696,4/29/2019,6/2/2019,541,Buramino,Ethiopia,Post-emergency,,116,13,,100,43,73,1625,42271,5/1/2019,,,,,,,,
2559795,4/29/2019,6/2/2019,429,Dollo Ado Transit Centre,Ethiopia,Emergency,,,18,,,27,69,,554,5/1/2019,,,,,,,,
2304745,4/29/2019,6/2/2019,527,Fugnido,Ethiopia,Post-emergency,,67,19,,100,11,36,730,39472,5/1/2019,,,,,,,,
2304747,4/29/2019,6/2/2019,497,Fugnido 2,Ethiopia,Post-emergency,,46,20,,100,11,6,431,8625,5/1/2019,,,,,,,,
2541815,4/29/2019,6/2/2019,3973,Gure-Shembola,Ethiopia,Post-emergency,,936,17,100,100,11,18,803,7229,5/1/2019,,,,,,,,
2558691,4/29/2019,6/2/2019,537,Hilaweyn,Ethiopia,Post-emergency,,148,17,,100,50,24,1671,51807,5/1/2019,,,,,,,,
2543386,4/29/2019,6/2/2019,435,Hitsats,Ethiopia,Post-emergency,,98,8,100,100,10,10,681,13637,5/1/2019,,,,,,,,
2295189,4/29/2019,6/2/2019,494,Jewi,Ethiopia,Post-emergency,,112,18,,100,9,25,856,51409,5/1/2019,,,,,,,,
2558356,4/29/2019,6/2/2019,536,Kobe,Ethiopia,Post-emergency,,163,17,,100,20,28,804,48275,5/1/2019,,,,,,,,
2543388,4/29/2019,6/2/2019,534,Mai Aini,Ethiopia,Post-emergency,,93,16,100,100,9,25,749,15742,5/1/2019,,,,,,,,
2557500,4/29/2019,6/2/2019,535,Melkadida,Ethiopia,Post-emergency,,142,21,,100,17,28,579,34784,5/1/2019,,,,,,,,
2295191,4/29/2019,6/2/2019,4015,Ngueyyiel,Ethiopia,Post-emergency,,,10,,100,16,16,475,80781,5/1/2019,,,,,,,,
2295193,4/29/2019,6/2/2019,544,Okugo,Ethiopia,Post-emergency,,73,20,,100,27,,442,9735,5/1/2019,,,,,,,,
2536511,4/29/2019,6/2/2019,532,Sheder,Ethiopia,Post-emergency,,90,20,,29,14,,2178,10893,5/1/2019,,,,,,,,
2541809,4/29/2019,6/2/2019,525,Sherkole,Ethiopia,Post-emergency,,93,23,100,100,7,5,612,11017,5/1/2019,,,,,,,,
2543387,4/29/2019,6/2/2019,529,Shimelba,Ethiopia,Post-emergency,,95,20,100,100,6,20,463,7421,5/1/2019,,,,,,,,
2295196,4/29/2019,6/2/2019,546,Tierkidi,Ethiopia,Post-emergency,,146,11,,100,13,213,942,50877,5/1/2019,,,,,,,,
2541810,4/29/2019,6/2/2019,540,Tongo,Ethiopia,Post-emergency,,176,16,100,100,9,5,939,12219,5/1/2019,,,,,,,,
2541813,4/29/2019,6/2/2019,496,Tsore Camp (Assosa),Ethiopia,Post-emergency,,96,21,100,100,7,7,653,13076,5/1/2019,,,,,,,,
2399675,4/29/2019,6/2/2019,445,Arbat,Iraq,Post-emergency,,4,110,100,100,4,4,,9000,5/1/2019,,,,,,,,
2825586,4/29/2019,6/2/2019,446,Basirma,Iraq,Post-emergency,,5,90,100,100,5,4,952,2857,5/1/2019,,,,,,,,
2602183,4/29/2019,6/2/2019,442,Kawergosk,Iraq,Post-emergency,,4,93,100,100,4,4,979,7839,5/1/2019,,,,,,,,
2825483,4/29/2019,6/2/2019,444,Qushtapa,Iraq,Post-emergency,,4,75,100,100,4,4,909,8186,5/1/2019,,,,,,,,
3074062,4/29/2019,6/2/2019,518,Dagahaley,Kenya,Post-emergency,,91,26,75,100,7,,1894,75785,5/1/2019,,,,,,,,
3074063,4/29/2019,6/2/2019,519,Hagadera,Kenya,Post-emergency,,95,26,70,100,5,,1998,79957,5/1/2019,,,,,,,,
3074064,4/29/2019,6/2/2019,520,Ifo,Kenya,Post-emergency,,61,33,69,100,7,,1775,71009,5/1/2019,,,,,,,,
4387618,4/29/2019,6/2/2019,517,Kakuma,Kenya,Post-emergency,,106,21,,83,16,,4665,186622,5/1/2019,,,,,,,,
1679275,4/29/2019,6/2/2019,313,Dzaleka,Malawi,Post-emergency,1,10,7,39,,7,12,128,39096,5/1/2019,,,,,,,,
3095055,4/29/2019,6/2/2019,626,Gihembe,Rwanda,Post-emergency,,58,19,,100,19,134,99,12928,5/1/2019,,,,,,,,
3094985,4/29/2019,6/2/2019,631,Mahama,Rwanda,Post-emergency,,76,20,100,100,17,17,501,60233,5/1/2019,,,,,,,,
3100222,4/29/2019,6/2/2019,630,Mugombwa,Rwanda,Post-emergency,,86,20,,87,24,38,868,10426,5/1/2019,,,,,,,,
3094849,4/29/2019,6/2/2019,628,Nyabiheke,Rwanda,Post-emergency,,96,16,,98,22,125,113,14351,5/1/2019,,,,,,,,
2371293,4/29/2019,6/2/2019,686,Ajoung Thok,South Sudan,Post-emergency,10,1,29,,80,7,,317,38391,5/1/2019,,,,,,,,
2366164,4/29/2019,6/2/2019,3886,Pamir,South Sudan,Post-emergency,13,1,25,,86,11,,483,32844,5/1/2019,,,,,,,,
2542242,4/29/2019,6/2/2019,557,Ikafe,Uganda,Post-emergency,1947,194,16,100,100,8,8,888,223939,5/1/2019,,,,,,,,
1837756,4/29/2019,6/2/2019,554,Kyaka II,Uganda,Emergency,,,8,,,8,14,,92545,5/1/2019,,,,,,,,
1690078,4/29/2019,6/2/2019,558,Nakivale,Uganda,Post-emergency,2973,825,17,89,98,4,18,352,89207,5/1/2019,,,,,,,,
2569468,4/29/2019,6/2/2019,365,Tongogara,Zimbabwe,Emergency,,,11,,,8,,,12990,5/1/2019,,,,,,,,
3523335,4/1/2019,4/28/2019,463,Auserd,Algeria,Post-emergency,,61,14,100,100,5,4,642,18638,4/1/2019,,,,,,,,
3523308,4/1/2019,4/28/2019,464,Boujdour,Algeria,Post-emergency,,,26,100,100,5,4,331,9601,4/1/2019,,,,,,,,
3523464,4/1/2019,4/28/2019,465,Dakhla,Algeria,Post-emergency,,49,43,100,100,5,4,374,10870,4/1/2019,,,,,,,,
3523456,4/1/2019,4/28/2019,466,Layounne,Algeria,Post-emergency,,,13,100,100,5,5,1275,25503,4/1/2019,,,,,,,,
3430907,4/1/2019,4/28/2019,467,Smara,Algeria,Post-emergency,,98,9,100,100,5,5,1493,25389,4/1/2019,,,,,,,,
1423070,4/1/2019,4/28/2019,451,Gado,Cameroon,Post-emergency,780,,0,,75,39,,,25772,4/1/2019,,,,,,,,
3270161,4/1/2019,4/28/2019,625,Minawao,Cameroon,Post-emergency,3,1,10,,40,27,28,705,57882,4/1/2019,,,,,,,,
2149430,4/1/2019,4/28/2019,572,Amboko,Chad,Post-emergency,618,,25,94,89,6,6,1855,11134,4/1/2019,,,,,,,,
2149437,4/1/2019,4/28/2019,573,Amnabak,Chad,Post-emergency,3821,224,9,100,100,17,17,4585,22929,4/1/2019,,,,,,,,
2241632,4/1/2019,4/28/2019,4284,Beakoro,Chad,Post-emergency,817,,14,100,,26,38,,1634,4/1/2019,,,,,,,,
2241627,4/1/2019,4/28/2019,4282,Bekan,Chad,Post-emergency,675,,17,88,,20,25,5407,5407,4/1/2019,,,,,,,,
2238807,4/1/2019,4/28/2019,4277,Bekourou,Chad,Post-emergency,481,,24,100,,20,26,722,1444,4/1/2019,,,,,,,,
2237422,4/1/2019,4/28/2019,600,Belom,Chad,Post-emergency,538,,29,95,,6,6,2573,23157,4/1/2019,,,,,,,,
2149439,4/1/2019,4/28/2019,574,Bredjing,Chad,Post-emergency,,269,14,100,100,11,5,4036,48439,4/1/2019,,,,,,,,
2149429,4/1/2019,4/28/2019,484,Dar Es Salam,Chad,Post-emergency,472,,25,96,92,24,26,2047,12287,4/1/2019,,,,,,,,
2238805,4/1/2019,4/28/2019,4275,Dembo,Chad,Post-emergency,1055,,11,100,,37,59,1583,3167,4/1/2019,,,,,,,,
2240241,4/1/2019,4/28/2019,4280,Diba,Chad,Post-emergency,894,,13,100,,31,45,1789,3578,4/1/2019,,,,,,,,
2238857,4/1/2019,4/28/2019,4279,Dilingala,Chad,Post-emergency,465,,25,100,,17,25,1164,2329,4/1/2019,,,,,,,,
2149995,4/1/2019,4/28/2019,575,Djabal,Chad,Post-emergency,,69,19,100,100,10,10,3343,23407,4/1/2019,,,,,,,,
2063500,4/1/2019,4/28/2019,483,Doholo,Chad,Post-emergency,620,,27,100,91,6,5,1137,6822,4/1/2019,,,,,,,,
2149996,4/1/2019,4/28/2019,576,Dosseye,Chad,Post-emergency,439,,35,95,92,6,5,2710,16262,4/1/2019,,,,,,,,
2149997,4/1/2019,4/28/2019,577,Farchana,Chad,Post-emergency,,557,14,100,100,8,7,4298,30088,4/1/2019,,,,,,,,
2149999,4/1/2019,4/28/2019,578,Gaga,Chad,Post-emergency,,229,15,100,100,8,7,3743,26206,4/1/2019,,,,,,,,
2238815,4/1/2019,4/28/2019,4278,Gon,Chad,Post-emergency,471,,25,100,,16,22,1884,1884,4/1/2019,,,,,,,,
2150018,4/1/2019,4/28/2019,579,Gondje,Chad,Post-emergency,418,,37,91,91,7,7,1533,9199,4/1/2019,,,,,,,,
2150019,4/1/2019,4/28/2019,580,Goz Amer,Chad,Post-emergency,676,,20,91,91,9,8,4483,35866,4/1/2019,,,,,,,,
2231167,4/1/2019,4/28/2019,581,Iridimi,Chad,Post-emergency,,179,14,100,100,12,12,3417,20503,4/1/2019,,,,,,,,
2063181,4/1/2019,4/28/2019,482,Kerfi,Chad,Post-emergency,222,,40,100,100,6,5,445,1335,4/1/2019,,,,,,,,
2231168,4/1/2019,4/28/2019,582,Kounoungou,Chad,Post-emergency,,221,14,100,100,12,12,3245,19473,4/1/2019,,,,,,,,
2231433,4/1/2019,4/28/2019,583,Mile,Chad,Post-emergency,,266,15,100,100,14,14,3461,20768,4/1/2019,,,,,,,,
2233057,4/1/2019,4/28/2019,599,Moyo,Chad,Post-emergency,383,,41,91,86,6,5,1404,8428,4/1/2019,,,,,,,,
2231434,4/1/2019,4/28/2019,584,Oure Cassoni,Chad,Post-emergency,,169,15,100,100,8,8,3044,30449,4/1/2019,,,,,,,,
2238806,4/1/2019,4/28/2019,4276,Silambi,Chad,Post-emergency,456,,26,100,,23,36,913,913,4/1/2019,,,,,,,,
2231550,4/1/2019,4/28/2019,585,Touloum,Chad,Post-emergency,,223,14,100,100,14,14,,25515,4/1/2019,,,,,,,,
2231673,4/1/2019,4/28/2019,586,Treguine,Chad,Post-emergency,945,,13,96,93,7,7,2553,25539,4/1/2019,,,,,,,,
2241626,4/1/2019,4/28/2019,4281,Vom,Chad,Post-emergency,404,,29,100,,13,18,1214,1214,4/1/2019,,,,,,,,
4190665,4/1/2019,4/28/2019,486,Bili,Democratic Republic of the Congo,Post-emergency,4707,1177,7,,,9,16,2353,9414,4/1/2019,,,,,,,,
4188906,4/1/2019,4/28/2019,660,Boyabo,Democratic Republic of the Congo,Post-emergency,626,,19,100,,40,44,4224,16898,4/1/2019,,,,,,,,
4188859,4/1/2019,4/28/2019,657,Inke,Democratic Republic of the Congo,Post-emergency,1053,,11,,,31,44,4474,17898,4/1/2019,,,,,,,,
1257965,4/1/2019,4/28/2019,4246,Mulongué (Baraka),Democratic Republic of the Congo,Post-emergency,2262,,15,,100,7,7,477,6688,4/1/2019,,,,,,,,
2542517,4/1/2019,4/28/2019,538,Adi Harush,Ethiopia,Post-emergency,,91,15,100,100,13,59,850,17000,4/1/2019,,,,,,,,
2536334,4/1/2019,4/28/2019,531,Awbarre,Ethiopia,Post-emergency,,104,21,,50,22,,2378,11894,4/1/2019,,,,,,,,
2536338,4/1/2019,4/28/2019,531,Awbarre,Ethiopia,,,,,,,,,,,4/1/2019,,,,,,,,
2577797,4/1/2019,4/28/2019,539,Aysaita,Ethiopia,Post-emergency,,137,18,100,100,25,60,3712,18562,4/1/2019,,,,,,,,
2541804,4/1/2019,4/28/2019,543,Bambasi,Ethiopia,Post-emergency,,51,15,100,100,6,6,1167,17516,4/1/2019,,,,,,,,
2577795,4/1/2019,4/28/2019,407,Barahle,Ethiopia,Post-emergency,,99,7,100,100,20,37,1332,17323,4/1/2019,,,,,,,,
2556688,4/1/2019,4/28/2019,533,Bokolmanyo,Ethiopia,Post-emergency,,130,12,,100,39,43,716,42981,4/1/2019,,,,,,,,
2558695,4/1/2019,4/28/2019,541,Buramino,Ethiopia,Post-emergency,,116,15,,100,43,73,1625,42271,4/1/2019,,,,,,,,
2559794,4/1/2019,4/28/2019,429,Dollo Ado Transit Centre,Ethiopia,Emergency,,,16,,,29,73,,590,4/1/2019,,,,,,,,
2304744,4/1/2019,4/28/2019,527,Fugnido,Ethiopia,Post-emergency,,66,19,,100,11,35,724,39142,4/1/2019,,,,,,,,
2304746,4/1/2019,4/28/2019,497,Fugnido 2,Ethiopia,Post-emergency,,46,19,,101,10,6,428,8567,4/1/2019,,,,,,,,
2541806,4/1/2019,4/28/2019,3973,Gure-Shembola,Ethiopia,Post-emergency,,108,18,100,100,32,18,803,7229,4/1/2019,,,,,,,,
2558690,4/1/2019,4/28/2019,537,Hilaweyn,Ethiopia,Post-emergency,,148,15,,100,50,24,1671,51807,4/1/2019,,,,,,,,
2524301,4/1/2019,4/28/2019,435,Hitsats,Ethiopia,Post-emergency,,98,9,100,100,12,11,681,13637,4/1/2019,,,,,,,,
2295188,4/1/2019,4/28/2019,494,Jewi,Ethiopia,Post-emergency,,,15,,100,11,31,1075,64526,4/1/2019,,,,,,,,
2558355,4/1/2019,4/28/2019,536,Kobe,Ethiopia,Post-emergency,,157,18,,100,21,28,804,48275,4/1/2019,,,,,,,,
2295180,4/1/2019,4/28/2019,450,Kule,Ethiopia,Post-emergency,,138,15,,100,12,26,534,42247,4/1/2019,,,,,,,,
2542515,4/1/2019,4/28/2019,534,Mai Aini,Ethiopia,Post-emergency,,94,14,100,100,9,36,802,15247,4/1/2019,,,,,,,,
2557499,4/1/2019,4/28/2019,535,Melkadida,Ethiopia,Post-emergency,,141,21,,100,17,28,579,34784,4/1/2019,,,,,,,,
2295190,4/1/2019,4/28/2019,4015,Ngueyyiel,Ethiopia,Post-emergency,,134,9,,100,13,16,477,80710,4/1/2019,,,,,,,,
2295192,4/1/2019,4/28/2019,544,Okugo,Ethiopia,Post-emergency,,73,20,,100,27,,442,9735,4/1/2019,,,,,,,,
2536364,4/1/2019,4/28/2019,532,Sheder,Ethiopia,Post-emergency,,90,21,,17,14,,2178,10893,4/1/2019,,,,,,,,
2541800,4/1/2019,4/28/2019,525,Sherkole,Ethiopia,Post-emergency,,93,19,,100,7,5,612,11017,4/1/2019,,,,,,,,
2542503,4/1/2019,4/28/2019,529,Shimelba,Ethiopia,Post-emergency,,91,20,100,100,7,34,447,7157,4/1/2019,,,,,,,,
2295194,4/1/2019,4/28/2019,546,Tierkidi,Ethiopia,Post-emergency,,212,11,,100,19,310,1343,73885,4/1/2019,,,,,,,,
2541802,4/1/2019,4/28/2019,540,Tongo,Ethiopia,Post-emergency,,176,15,100,100,9,5,939,12219,4/1/2019,,,,,,,,
2541805,4/1/2019,4/28/2019,496,Tsore Camp (Assosa),Ethiopia,Post-emergency,,96,20,100,100,7,7,653,13076,4/1/2019,,,,,,,,
1402106,4/1/2019,4/28/2019,445,Arbat,Iraq,Post-emergency,,4,97,100,100,4,4,,8935,4/1/2019,,,,,,,,
2825584,4/1/2019,4/28/2019,446,Basirma,Iraq,Post-emergency,,5,82,100,100,5,4,952,2857,4/1/2019,,,,,,,,
2601898,4/1/2019,4/28/2019,442,Kawergosk,Iraq,Post-emergency,,4,112,100,100,4,4,979,7839,4/1/2019,,,,,,,,
2821209,4/1/2019,4/28/2019,444,Qushtapa,Iraq,Post-emergency,,4,86,100,100,4,4,909,8186,4/1/2019,,,,,,,,
3115670,4/1/2019,4/28/2019,518,Dagahaley,Kenya,Post-emergency,,89,28,67,100,7,,1868,74749,4/1/2019,,,,,,,,
3115671,4/1/2019,4/28/2019,519,Hagadera,Kenya,Post-emergency,,95,30,63,98,5,,1979,79172,4/1/2019,,,,,,,,
3115673,4/1/2019,4/28/2019,520,Ifo,Kenya,Post-emergency,,61,34,63,100,7,,1764,70569,4/1/2019,,,,,,,,
4387616,4/1/2019,4/28/2019,517,Kakuma,Kenya,Post-emergency,,105,19,,100,17,,4634,185399,4/1/2019,,,,,,,,
1679274,4/1/2019,4/28/2019,313,Dzaleka,Malawi,Post-emergency,1,10,7,0,,7,12,127,38808,4/1/2019,,,,,,,,
1674403,4/1/2019,4/28/2019,687,M'berra,Mauritania,Post-emergency,,116,24,,7,27,26,1324,58264,4/1/2019,,,,,,,,
3095054,4/1/2019,4/28/2019,626,Gihembe,Rwanda,Post-emergency,,58,20,,100,19,111,99,12946,4/1/2019,,,,,,,,
1624672,4/1/2019,4/28/2019,629,Kigeme,Rwanda,Post-emergency,,177,13,,92,37,110,,19845,4/1/2019,,,,,,,,
3094983,4/1/2019,4/28/2019,631,Mahama,Rwanda,Post-emergency,,75,19,100,100,17,16,498,59843,4/1/2019,,,,,,,,
1624673,4/1/2019,4/28/2019,630,Mugombwa,Rwanda,Post-emergency,,75,22,,100,26,72,,10420,4/1/2019,,,,,,,,
3100217,4/1/2019,4/28/2019,630,Mugombwa,Rwanda,Post-emergency,,76,20,,100,26,47,868,10420,4/1/2019,,,,,,,,
3094848,4/1/2019,4/28/2019,628,Nyabiheke,Rwanda,Post-emergency,,97,16,,97,22,126,114,14412,4/1/2019,,,,,,,,
2370942,4/1/2019,4/28/2019,686,Ajoung Thok,South Sudan,Post-emergency,10,1,31,,100,7,,312,37854,4/1/2019,,,,,,,,
2559788,4/1/2019,4/28/2019,680,Doro,South Sudan,Post-emergency,14,1,18,,100,16,,502,60340,4/1/2019,,,,,,,,
2559800,4/1/2019,4/28/2019,681,Gendrassa,South Sudan,Post-emergency,4,1,22,,100,8,8,500,17530,4/1/2019,,,,,,,,
2559829,4/1/2019,4/28/2019,682,Kaya,South Sudan,Post-emergency,,66,22,,100,12,,505,23247,4/1/2019,,,,,,,,
2366103,4/1/2019,4/28/2019,3886,Pamir,South Sudan,Post-emergency,12,1,26,,84,11,,467,31774,4/1/2019,,,,,,,,
2557184,4/1/2019,4/28/2019,678,Yusuf Batil,South Sudan,Post-emergency,29,1,18,,100,13,12,508,50886,4/1/2019,,,,,,,,
2541819,4/1/2019,4/28/2019,557,Ikafe,Uganda,Post-emergency,1881,194,16,100,100,8,8,961,223939,4/1/2019,,,,,,,,
1423296,4/1/2019,4/28/2019,554,Kyaka II,Uganda,Emergency,,,9,,,8,13,,91390,4/1/2019,,,,,,,,
1417452,4/1/2019,4/28/2019,558,Nakivale,Uganda,Post-emergency,2973,825,17,96,95,4,19,275,89207,4/1/2019,,,,,,,,
1417414,4/1/2019,4/28/2019,555,Oruchinga,Uganda,Post-emergency,3,1,22,,,6,7,121,7272,4/1/2019,,,,,,,,
1331068,4/1/2019,4/28/2019,4067,Mantapala,Zambia,Post-emergency,0,75,21,,,6,139,219,14241,4/1/2019,,,,,,,,
3523334,3/4/2019,3/31/2019,463,Auserd,Algeria,Post-emergency,,61,13,100,100,5,4,642,18638,3/1/2019,,,,,,,,
3523305,3/4/2019,3/31/2019,464,Boujdour,Algeria,Post-emergency,,,15,100,100,5,4,331,9601,3/1/2019,,,,,,,,
3523463,3/4/2019,3/31/2019,465,Dakhla,Algeria,Post-emergency,,49,47,100,100,5,4,374,10870,3/1/2019,,,,,,,,
3523455,3/4/2019,3/31/2019,466,Layounne,Algeria,Post-emergency,,,10,100,100,5,5,1275,25503,3/1/2019,,,,,,,,
3430906,3/4/2019,3/31/2019,467,Smara,Algeria,Post-emergency,,98,9,100,100,5,5,1493,25389,3/1/2019,,,,,,,,
3842405,3/4/2019,3/31/2019,451,Gado,Cameroon,Post-emergency,0,,8,,97,41,43,476,25277,3/1/2019,,,,,,,,
1423068,3/4/2019,3/31/2019,451,Gado,Cameroon,Post-emergency,780,,0,,69,39,,,25772,3/1/2019,,,,,,,,
3270064,3/4/2019,3/31/2019,625,Minawao,Cameroon,Post-emergency,3,1,10,,50,21,24,701,57497,3/1/2019,,,,,,,,
1257449,3/4/2019,3/31/2019,491,#NAME?,Democratic Republic of the Congo,Post-emergency,,96,21,,80,16,23,1009,29264,3/1/2019,,,,,,,,
4190664,3/4/2019,3/31/2019,486,Bili,Democratic Republic of the Congo,Post-emergency,4707,1177,7,,,9,16,2353,9414,3/1/2019,,,,,,,,
4188905,3/4/2019,3/31/2019,660,Boyabo,Democratic Republic of the Congo,Post-emergency,1207,,9,100,,46,48,4223,16893,3/1/2019,,,,,,,,
4188857,3/4/2019,3/31/2019,657,Inke,Democratic Republic of the Congo,Post-emergency,1790,,6,,,31,44,4474,17898,3/1/2019,,,,,,,,
1261614,3/4/2019,3/31/2019,538,Adi Harush,Ethiopia,Post-emergency,,81,18,100,98,11,53,757,15147,3/1/2019,,,,,,,,
2536339,3/4/2019,3/31/2019,531,Awbarre,Ethiopia,Post-emergency,,85,22,,50,22,,2372,11864,3/1/2019,,,,,,,,
2536332,3/4/2019,3/31/2019,531,Awbarre,Ethiopia,Post-emergency,,53,35,,17,21,,2230,11151,3/1/2019,,,,,,,,
1154110,3/4/2019,3/31/2019,539,Aysaita,Ethiopia,Post-emergency,,136,16,100,98,25,64,3673,18369,3/1/2019,,,,,,,,
1425568,3/4/2019,3/31/2019,543,Bambasi,Ethiopia,Post-emergency,,65,14,100,100,6,6,1167,17516,3/1/2019,,,,,,,,
4273085,3/4/2019,3/31/2019,407,Barahle,Ethiopia,Post-emergency,,100,8,100,98,20,37,1332,17323,3/1/2019,,,,,,,,
1154112,3/4/2019,3/31/2019,3889,Berhale camp (Afar),Ethiopia,Post-emergency,,99,8,100,98,20,37,1332,17323,3/1/2019,,,,,,,,
2559799,3/4/2019,3/31/2019,533,Bokolmanyo,Ethiopia,Post-emergency,,130,15,,100,39,43,716,42981,3/1/2019,,,,,,,,
2558694,3/4/2019,3/31/2019,541,Buramino,Ethiopia,Post-emergency,,116,15,,100,43,73,1625,42271,3/1/2019,,,,,,,,
2559793,3/4/2019,3/31/2019,429,Dollo Ado Transit Centre,Ethiopia,Emergency,,,16,,,30,75,,603,3/1/2019,,,,,,,,
1209750,3/4/2019,3/31/2019,527,Fugnido,Ethiopia,Post-emergency,,65,20,,100,10,35,713,38506,3/1/2019,,,,,,,,
1209749,3/4/2019,3/31/2019,497,Fugnido 2,Ethiopia,Post-emergency,,45,19,,100,9,6,414,8291,3/1/2019,,,,,,,,
1425570,3/4/2019,3/31/2019,3973,Gure-Shembola,Ethiopia,Post-emergency,,102,26,100,100,14,19,837,7533,3/1/2019,,,,,,,,
2558689,3/4/2019,3/31/2019,537,Hilaweyn,Ethiopia,Post-emergency,,148,15,,100,50,24,1671,51807,3/1/2019,,,,,,,,
1261600,3/4/2019,3/31/2019,435,Hitsats,Ethiopia,Post-emergency,,98,11,100,98,12,11,681,13637,3/1/2019,,,,,,,,
1209748,3/4/2019,3/31/2019,494,Jewi,Ethiopia,Post-emergency,,141,15,,100,11,31,1075,64526,3/1/2019,,,,,,,,
2558354,3/4/2019,3/31/2019,536,Kobe,Ethiopia,Post-emergency,,163,19,,100,21,28,804,48275,3/1/2019,,,,,,,,
1209638,3/4/2019,3/31/2019,450,Kule,Ethiopia,Post-emergency,,136,15,,100,12,26,530,41919,3/1/2019,,,,,,,,
1261613,3/4/2019,3/31/2019,534,Mai Aini,Ethiopia,Post-emergency,,88,24,100,98,9,33,756,14367,3/1/2019,,,,,,,,
2557474,3/4/2019,3/31/2019,535,Melkadida,Ethiopia,Post-emergency,,141,21,,100,17,28,579,34784,3/1/2019,,,,,,,,
1209783,3/4/2019,3/31/2019,4015,Ngueyyiel,Ethiopia,Post-emergency,,134,9,,100,13,16,473,80478,3/1/2019,,,,,,,,
1209751,3/4/2019,3/31/2019,544,Okugo,Ethiopia,Post-emergency,,114,19,,100,11,,687,15126,3/1/2019,,,,,,,,
2536363,3/4/2019,3/31/2019,532,Sheder,Ethiopia,Post-emergency,,85,16,,17,15,,2372,11864,3/1/2019,,,,,,,,
1425566,3/4/2019,3/31/2019,525,Sherkole,Ethiopia,Post-emergency,,111,22,100,100,7,5,612,11017,3/1/2019,,,,,,,,
1261599,3/4/2019,3/31/2019,529,Shimelba,Ethiopia,Post-emergency,,88,25,,98,7,33,432,6927,3/1/2019,,,,,,,,
1209752,3/4/2019,3/31/2019,546,Tierkidi,Ethiopia,Post-emergency,,212,15,,100,19,309,1343,73885,3/1/2019,,,,,,,,
1425567,3/4/2019,3/31/2019,540,Tongo,Ethiopia,Post-emergency,,176,18,100,100,9,5,939,12219,3/1/2019,,,,,,,,
1425569,3/4/2019,3/31/2019,496,Tsore Camp (Assosa),Ethiopia,Post-emergency,,13576,20,100,100,7,7,653,13076,3/1/2019,,,,,,,,
1327361,3/4/2019,3/31/2019,445,Arbat,Iraq,Post-emergency,,,90,100,100,4,4,,8925,3/1/2019,,,,,,,,
2825583,3/4/2019,3/31/2019,446,Basirma,Iraq,Post-emergency,,5,81,100,100,5,4,951,2855,3/1/2019,,,,,,,,
2572482,3/4/2019,3/31/2019,442,Kawergosk,Iraq,Post-emergency,,1,75,100,100,4,4,976,7812,3/1/2019,,,,,,,,
2820630,3/4/2019,3/31/2019,444,Qushtapa,Iraq,Post-emergency,,4,74,100,100,4,4,910,8195,3/1/2019,,,,,,,,
4387615,3/4/2019,3/31/2019,517,Kakuma,Kenya,Post-emergency,,105,19,,100,17,,4634,185399,3/1/2019,,,,,,,,
1377799,3/4/2019,3/31/2019,313,Dzaleka,Malawi,Post-emergency,1,1,7,0,,7,12,135,38527,3/1/2019,,,,,,,,
1210081,3/4/2019,3/31/2019,696,Abala,Niger,Post-emergency,,224,13,,,21,64,15072,15072,3/1/2019,,,,,,,,
1210246,3/4/2019,3/31/2019,472,Ayourou,Niger,Post-emergency,,417,20,,,3,,,468,3/1/2019,,,,,,,,
1210247,3/4/2019,3/31/2019,419,Intékan,Niger,Post-emergency,,,18,,,57,71,9029,18058,3/1/2019,,,,,,,,
1210080,3/4/2019,3/31/2019,694,Mangaizé,Niger,Post-emergency,,269,30,,,49,52,6996,6996,3/1/2019,,,,,,,,
1210079,3/4/2019,3/31/2019,697,Tabareybarey,Niger,Post-emergency,,199,15,,,101,391,10583,10583,3/1/2019,,,,,,,,
3095059,3/4/2019,3/31/2019,626,Gihembe,Rwanda,Post-emergency,,58,15,,100,19,113,95,12958,3/1/2019,,,,,,,,
1203403,3/4/2019,3/31/2019,686,Ajoung Thok,South Sudan,Post-emergency,10,1,31,,77,7,,122,38332,3/1/2019,,,,,,,,
1203485,3/4/2019,3/31/2019,3886,Pamir,South Sudan,Post-emergency,12,1,25,,74,11,,67,31312,3/1/2019,,,,,,,,
2541814,3/4/2019,3/31/2019,557,Ikafe,Uganda,Post-emergency,1964,196,16,,100,8,8,961,223939,3/1/2019,,,,,,,,
1118314,3/4/2019,3/31/2019,554,Kyaka II,Uganda,Emergency,1319,1245,8,49,41,9,13,650,88436,3/1/2019,,,,,,,,
1156039,3/4/2019,3/31/2019,558,Nakivale,Uganda,Post-emergency,2973,825,17,,,4,20,336,89207,3/1/2019,,,,,,,,
1156036,3/4/2019,3/31/2019,555,Oruchinga,Uganda,Post-emergency,455,455,22,80,,6,7,106,7272,3/1/2019,,,,,,,,
877923,3/11/2019,3/17/2019,530,Kebribeyah,Ethiopia,Post-emergency,,138,11,,,12,,863,14685,3/1/2019,,,,,,,,
3523314,2/4/2019,3/3/2019,463,Auserd,Algeria,Post-emergency,,61,16,100,100,5,4,642,18638,2/1/2019,,,,,,,,
3523303,2/4/2019,3/3/2019,464,Boujdour,Algeria,Post-emergency,,,18,100,100,5,4,331,9601,2/1/2019,,,,,,,,
3523462,2/4/2019,3/3/2019,465,Dakhla,Algeria,Post-emergency,,49,40,100,80,5,4,374,10870,2/1/2019,,,,,,,,
3523454,2/4/2019,3/3/2019,466,Layounne,Algeria,Post-emergency,,,15,100,100,5,5,1275,25503,2/1/2019,,,,,,,,
3430905,2/4/2019,3/3/2019,467,Smara,Algeria,Post-emergency,,98,8,100,100,5,5,1493,25389,2/1/2019,,,,,,,,
3842395,2/4/2019,3/3/2019,451,Gado,Cameroon,Post-emergency,626,,8,100,88,39,43,476,25277,2/1/2019,,,,,,,,
3270027,2/4/2019,3/3/2019,625,Minawao,Cameroon,Post-emergency,3,1,11,0,44,21,24,692,56774,2/1/2019,,,,,,,,
1119085,2/4/2019,3/3/2019,4284,Beakoro,Chad,Post-emergency,817,,14,,,15,14,,584,2/1/2019,,,,,,,,
1119082,2/4/2019,3/3/2019,4282,Bekan,Chad,Post-emergency,675,,17,,,9,9,,1991,2/1/2019,,,,,,,,
1119077,2/4/2019,3/3/2019,4277,Bekourou,Chad,Post-emergency,481,,24,,,28,27,,1444,2/1/2019,,,,,,,,
1119075,2/4/2019,3/3/2019,4275,Dembo,Chad,Post-emergency,1055,,11,,,317,316,,3167,2/1/2019,,,,,,,,
1119080,2/4/2019,3/3/2019,4280,Diba,Chad,Post-emergency,894,,13,,,46,45,,3578,2/1/2019,,,,,,,,
1119079,2/4/2019,3/3/2019,4279,Dilingala,Chad,Post-emergency,465,,25,,,25,25,,2329,2/1/2019,,,,,,,,
1119078,2/4/2019,3/3/2019,4278,Gon,Chad,Post-emergency,471,,25,,,22,22,,1884,2/1/2019,,,,,,,,
1119076,2/4/2019,3/3/2019,4276,Silambi,Chad,Post-emergency,456,,26,,,61,60,,913,2/1/2019,,,,,,,,
1119081,2/4/2019,3/3/2019,4281,Vom,Chad,Post-emergency,404,,29,,,18,18,,1214,2/1/2019,,,,,,,,
4190663,2/4/2019,3/3/2019,486,Bili,Democratic Republic of the Congo,Post-emergency,4707,1177,7,,,9,16,2353,9414,2/1/2019,,,,,,,,
4188889,2/4/2019,3/3/2019,660,Boyabo,Democratic Republic of the Congo,Post-emergency,1126,,10,100,,37,49,4223,16893,2/1/2019,,,,,,,,
4188855,2/4/2019,3/3/2019,657,Inke,Democratic Republic of the Congo,Post-emergency,1790,,6,,,31,44,4474,17898,2/1/2019,,,,,,,,
946218,2/4/2019,3/3/2019,538,Adi Harush,Ethiopia,Post-emergency,,154,13,100,98,21,100,1432,28651,2/1/2019,,,,,,,,
2536331,2/4/2019,3/3/2019,531,Awbarre,Ethiopia,Post-emergency,,84,20,,60,32,,3496,17484,2/1/2019,,,,,,,,
947904,2/4/2019,3/3/2019,539,Aysaita,Ethiopia,Post-emergency,,136,16,100,98,25,64,3673,18369,2/1/2019,,,,,,,,
1425513,2/4/2019,3/3/2019,543,Bambasi,Ethiopia,Post-emergency,,64,15,100,100,6,407,1167,17516,2/1/2019,,,,,,,,
946788,2/4/2019,3/3/2019,407,Barahle,Ethiopia,Post-emergency,,131,8,100,98,20,37,1332,17323,2/1/2019,,,,,,,,
2556595,2/4/2019,3/3/2019,533,Bokolmanyo,Ethiopia,Post-emergency,,695,16,100,100,39,,716,42981,2/1/2019,,,,,,,,
2558693,2/4/2019,3/3/2019,541,Buramino,Ethiopia,Post-emergency,,116,15,,100,43,73,1625,42271,2/1/2019,,,,,,,,
2559792,2/4/2019,3/3/2019,429,Dollo Ado Transit Centre,Ethiopia,Emergency,,,23,,,21,53,,428,2/1/2019,,,,,,,,
962078,2/4/2019,3/3/2019,527,Fugnido,Ethiopia,Post-emergency,,63,20,,100,10,34,689,37241,2/1/2019,,,,,,,,
962077,2/4/2019,3/3/2019,497,Fugnido 2,Ethiopia,Post-emergency,,43,21,,100,9,5,403,8072,2/1/2019,,,,,,,,
1425512,2/4/2019,3/3/2019,3973,Gure-Shembola,Ethiopia,Post-emergency,,,21,100,100,13,19,837,7533,2/1/2019,,,,,,,,
2558688,2/4/2019,3/3/2019,537,Hilaweyn,Ethiopia,Post-emergency,,148,15,,100,50,24,1671,51807,2/1/2019,,,,,,,,
946372,2/4/2019,3/3/2019,435,Hitsats,Ethiopia,Post-emergency,,160,9,100,98,19,19,1109,22187,2/1/2019,,,,,,,,
957102,2/4/2019,3/3/2019,494,Jewi,Ethiopia,Post-emergency,,140,15,,100,11,31,1067,64053,2/1/2019,,,,,,,,
2558352,2/4/2019,3/3/2019,536,Kobe,Ethiopia,Post-emergency,,144,20,,100,18,25,704,42275,2/1/2019,,,,,,,,
957104,2/4/2019,3/3/2019,450,Kule,Ethiopia,Post-emergency,,136,14,,100,10,26,526,41615,2/1/2019,,,,,,,,
946219,2/4/2019,3/3/2019,534,Mai Aini,Ethiopia,Post-emergency,,,12,100,100,13,49,1110,21095,2/1/2019,,,,,,,,
2557473,2/4/2019,3/3/2019,535,Melkadida,Ethiopia,Post-emergency,,141,20,,100,17,28,579,34784,2/1/2019,,,,,,,,
962080,2/4/2019,3/3/2019,4015,Ngueyyiel,Ethiopia,Post-emergency,,133,8,,100,13,16,472,80372,2/1/2019,,,,,,,,
962081,2/4/2019,3/3/2019,544,Okugo,Ethiopia,Post-emergency,,113,13,,100,11,,678,14925,2/1/2019,,,,,,,,
2536359,2/4/2019,3/3/2019,532,Sheder,Ethiopia,Post-emergency,,90,15,,17,13,,2089,10449,2/1/2019,,,,,,,,
887719,2/4/2019,3/3/2019,532,Sheder,Ethiopia,Post-emergency,,127,19,,33,6,,614,10449,2/1/2019,,,,,,,,
1424881,2/4/2019,3/3/2019,525,Sherkole,Ethiopia,Post-emergency,,111,21,100,100,7,5,612,11017,2/1/2019,,,,,,,,
946374,2/4/2019,3/3/2019,529,Shimelba,Ethiopia,Post-emergency,,94,23,100,98,7,35,458,7337,2/1/2019,,,,,,,,
962079,2/4/2019,3/3/2019,546,Tierkidi,Ethiopia,Post-emergency,,212,5,,100,19,310,1343,73885,2/1/2019,,,,,,,,
1424280,2/4/2019,3/3/2019,540,Tongo,Ethiopia,Post-emergency,,180,13,100,100,9,5,872,12219,2/1/2019,,,,,,,,
1424930,2/4/2019,3/3/2019,496,Tsore Camp (Assosa),Ethiopia,Post-emergency,,105,23,100,100,7,11,688,13076,2/1/2019,,,,,,,,
1402108,2/4/2019,3/3/2019,445,Arbat,Iraq,Post-emergency,,,86,100,100,4,4,,8985,2/1/2019,,,,,,,,
2825582,2/4/2019,3/3/2019,446,Basirma,Iraq,Post-emergency,,5,81,100,100,5,4,955,2866,2/1/2019,,,,,,,,
2572484,2/4/2019,3/3/2019,442,Kawergosk,Iraq,Post-emergency,,1,78,100,100,4,4,976,7812,2/1/2019,,,,,,,,
2820604,2/4/2019,3/3/2019,444,Qushtapa,Iraq,Post-emergency,,4,91,100,100,4,4,908,8175,2/1/2019,,,,,,,,
4387614,2/4/2019,3/3/2019,517,Kakuma,Kenya,Post-emergency,,105,19,,100,17,,4634,185399,2/1/2019,,,,,,,,
908340,2/4/2019,3/3/2019,313,Dzaleka,Malawi,Post-emergency,1126,638,6,,,7,12,134,38297,2/1/2019,,,,,,,,
969289,2/4/2019,3/3/2019,696,Abala,Niger,Post-emergency,,234,20,,,22,70,15684,15684,2/1/2019,,,,,,,,
952712,2/4/2019,3/3/2019,472,Ayourou,Niger,Post-emergency,,437,23,,,,,,473,2/1/2019,,,,,,,,
974758,2/4/2019,3/3/2019,419,Intékan,Niger,Post-emergency,,128,14,,,32,,9039,18078,2/1/2019,,,,,,,,
969276,2/4/2019,3/3/2019,694,Mangaizé,Niger,Post-emergency,,247,11,,,48,51,,6926,2/1/2019,,,,,,,,
923994,2/4/2019,3/3/2019,3926,Sayam Forage Camp,Niger,Post-emergency,,193,14,100,67,31,95,2313,13880,2/1/2019,,,,,,,,
968725,2/4/2019,3/3/2019,697,Tabareybarey,Niger,Post-emergency,,199,15,,,29,53,,10551,2/1/2019,,,,,,,,
948250,2/4/2019,3/3/2019,697,Tabareybarey,Niger,Post-emergency,,199,15,,,29,53,10551,10551,2/1/2019,,,,,,,,
1252383,2/4/2019,3/3/2019,4251,Adagom,Nigeria,Emergency,,,14,,,46,40,,7882,2/1/2019,,,,,,,,
1252412,2/4/2019,3/3/2019,4252,Anyake,Nigeria,Emergency,,,25,,,13,15,,1763,2/1/2019,,,,,,,,
917448,2/4/2019,3/3/2019,686,Ajoung Thok,South Sudan,Post-emergency,5339,72,32,,89,7,,308,37373,2/1/2019,,,,,,,,
956824,2/4/2019,3/3/2019,680,Doro,South Sudan,Post-emergency,3519,101,22,,100,16,,273,59828,2/1/2019,,,,,,,,
956826,2/4/2019,3/3/2019,681,Gendrassa,South Sudan,Post-emergency,1096,133,22,,100,8,,274,17545,2/1/2019,,,,,,,,
956828,2/4/2019,3/3/2019,682,Kaya,South Sudan,Post-emergency,,,19,,,12,,181,23190,2/1/2019,,,,,,,,
917419,2/4/2019,3/3/2019,3886,Pamir,South Sudan,Post-emergency,5721,74,24,,84,10,,420,28609,2/1/2019,,,,,,,,
955507,2/4/2019,3/3/2019,678,Yusuf Batil,South Sudan,Post-emergency,6473,91,21,,100,13,,384,45313,2/1/2019,,,,,,,,
2542246,2/4/2019,3/3/2019,557,Ikafe,Uganda,Post-emergency,1964,273,16,,,7,7,1272,223939,2/1/2019,,,,,,,,
740837,2/4/2019,3/3/2019,549,Imvepi,Uganda,Post-emergency,,,0,,,1,1,97,2332,2/1/2019,,,,,,,,
1118459,2/4/2019,3/3/2019,554,Kyaka II,Uganda,Emergency,,,8,,,9,13,,88436,2/1/2019,,,,,,,,
903022,2/4/2019,3/3/2019,558,Nakivale,Uganda,Post-emergency,3310,919,17,93,100,4,21,336,89207,2/1/2019,,,,,,,,
905434,2/4/2019,3/3/2019,555,Oruchinga,Uganda,Post-emergency,455,455,22,89,100,5,6,,7272,2/1/2019,,,,,,,,
909895,2/4/2019,3/3/2019,559,Rwamwanja,Uganda,Post-emergency,847,1162,17,,100,6,10,373,65071,2/1/2019,,,,,,,,
882949,2/18/2019,2/24/2019,531,Awbarre,Ethiopia,Post-emergency,,,19,,35,6,11,693,11782,2/1/2019,,,,,,,,
878178,2/18/2019,2/24/2019,530,Kebribeyah,Ethiopia,Post-emergency,,97,9,,,12,77,863,14685,2/1/2019,,,,,,,,
695117,2/8/2019,2/8/2019,630,Mugombwa,Rwanda,Post-emergency,,106,18,,96,23,39,783,9397,2/1/2019,,,,,,,,
3523313,12/31/2018,2/3/2019,463,Auserd,Algeria,Post-emergency,,61,15,100,100,5,4,642,18638,1/1/2019,,,,,,,,
3510765,12/31/2018,2/3/2019,464,Boujdour,Algeria,Post-emergency,,,20,100,100,5,4,331,9601,1/1/2019,,,,,,,,
3523461,12/31/2018,2/3/2019,465,Dakhla,Algeria,Post-emergency,,49,47,100,100,5,4,374,10870,1/1/2019,,,,,,,,
3523340,12/31/2018,2/3/2019,466,Layounne,Algeria,Post-emergency,,,10,100,100,5,5,1275,25503,1/1/2019,,,,,,,,
3430392,12/31/2018,2/3/2019,467,Smara,Algeria,Post-emergency,,98,7,100,100,5,5,1493,25389,1/1/2019,,,,,,,,
1423065,12/31/2018,2/3/2019,451,Gado,Cameroon,Post-emergency,769,,8,,75,39,,,25403,1/1/2019,,,,,,,,
3269972,12/31/2018,2/3/2019,625,Minawao,Cameroon,Post-emergency,4,1,11,,75,21,23,731,56353,1/1/2019,,,,,,,,
436645,12/31/2018,2/3/2019,484,Dar Es Salam,Chad,Emergency,,,10,,,53,94,,3500,1/1/2019,,,,,,,,
708348,12/31/2018,2/3/2019,484,Dar Es Salam,Chad,Emergency,,,20,,,28,54,,4627,1/1/2019,,,,,,,,
4190662,12/31/2018,2/3/2019,486,Bili,Democratic Republic of the Congo,Post-emergency,4707,1177,7,,,9,16,2353,9414,1/1/2019,,,,,,,,
4188868,12/31/2018,2/3/2019,660,Boyabo,Democratic Republic of the Congo,Post-emergency,1207,,9,,,47,78,4223,16893,1/1/2019,,,,,,,,
4188854,12/31/2018,2/3/2019,657,Inke,Democratic Republic of the Congo,Post-emergency,1790,,6,,,31,44,4474,17898,1/1/2019,,,,,,,,
570591,12/31/2018,2/3/2019,603,Holl Holl,Djibouti,Post-emergency,3017,111,19,,100,25,301,,6035,1/1/2019,,,,,,,,
776892,12/31/2018,2/3/2019,538,Adi Harush,Ethiopia,Post-emergency,,142,13,100,100,20,93,1327,26542,1/1/2019,,,,,,,,
2536329,12/31/2018,2/3/2019,531,Awbarre,Ethiopia,Post-emergency,,84,21,,,32,,3496,17484,1/1/2019,,,,,,,,
2536330,12/31/2018,2/3/2019,531,Awbarre,Ethiopia,Post-emergency,,,,,,,,,,1/1/2019,,,,,,,,
776896,12/31/2018,2/3/2019,539,Aysaita,Ethiopia,Post-emergency,,132,15,100,100,36,62,3571,17856,1/1/2019,,,,,,,,
820006,12/31/2018,2/3/2019,543,Bambasi,Ethiopia,Post-emergency,,50,13,,100,6,407,1167,17516,1/1/2019,,,,,,,,
776894,12/31/2018,2/3/2019,407,Barahle,Ethiopia,Post-emergency,,90,9,100,100,21,39,1210,15730,1/1/2019,,,,,,,,
2541778,12/31/2018,2/3/2019,533,Bokolmanyo,Ethiopia,Post-emergency,,695,16,100,100,54,61,716,42981,1/1/2019,,,,,,,,
909341,12/31/2018,2/3/2019,533,Bokolmanyo,Ethiopia,Post-emergency,,695,16,100,100,43,,716,42981,1/1/2019,,,,,,,,
2541807,12/31/2018,2/3/2019,541,Buramino,Ethiopia,Post-emergency,,844,15,100,100,48,73,1625,42271,1/1/2019,,,,,,,,
909545,12/31/2018,2/3/2019,541,Buramino,Ethiopia,Post-emergency,,844,15,100,100,52,51,1625,42271,1/1/2019,,,,,,,,
909578,12/31/2018,2/3/2019,429,Dollo Ado Transit Centre,Ethiopia,Emergency,,,50,,,20,20,,200,1/1/2019,,,,,,,,
882950,12/31/2018,2/3/2019,527,Fugnido,Ethiopia,Post-emergency,,59,21,,100,9,32,650,35136,1/1/2019,,,,,,,,
887720,12/31/2018,2/3/2019,497,Fugnido 2,Ethiopia,Post-emergency,,97,20,,100,20,13,894,17893,1/1/2019,,,,,,,,
820207,12/31/2018,2/3/2019,3973,Gure-Shembola,Ethiopia,Post-emergency,,109,20,,100,13,19,837,7533,1/1/2019,,,,,,,,
909544,12/31/2018,2/3/2019,537,Hilaweyn,Ethiopia,Post-emergency,,885,15,100,100,63,63,1671,51807,1/1/2019,,,,,,,,
776889,12/31/2018,2/3/2019,435,Hitsats,Ethiopia,Post-emergency,,151,15,100,100,18,18,1045,20901,1/1/2019,,,,,,,,
878179,12/31/2018,2/3/2019,494,Jewi,Ethiopia,Post-emergency,,139,15,,100,11,31,1097,63655,1/1/2019,,,,,,,,
909543,12/31/2018,2/3/2019,536,Kobe,Ethiopia,Post-emergency,,976,18,100,100,29,,804,48275,1/1/2019,,,,,,,,
878000,12/31/2018,2/3/2019,450,Kule,Ethiopia,Post-emergency,,131,14,,100,10,25,508,40210,1/1/2019,,,,,,,,
776891,12/31/2018,2/3/2019,534,Mai Aini,Ethiopia,Post-emergency,,128,13,100,100,13,49,1095,20817,1/1/2019,,,,,,,,
909518,12/31/2018,2/3/2019,535,Melkadida,Ethiopia,Post-emergency,,846,20,100,100,29,28,579,34784,1/1/2019,,,,,,,,
877924,12/31/2018,2/3/2019,4015,Ngueyyiel,Ethiopia,Post-emergency,,133,13,,86,13,16,469,79864,1/1/2019,,,,,,,,
887721,12/31/2018,2/3/2019,544,Okugo,Ethiopia,Post-emergency,,111,12,,100,11,,668,14703,1/1/2019,,,,,,,,
2536342,12/31/2018,2/3/2019,532,Sheder,Ethiopia,Post-emergency,,90,0,,50,13,,2089,10449,1/1/2019,,,,,,,,
2536358,12/31/2018,2/3/2019,532,Sheder,Ethiopia,,,,,,,,,,,1/1/2019,,,,,,,,
819984,12/31/2018,2/3/2019,525,Sherkole,Ethiopia,Post-emergency,,83,19,,50,7,5,612,11017,1/1/2019,,,,,,,,
776890,12/31/2018,2/3/2019,529,Shimelba,Ethiopia,Post-emergency,,91,27,100,100,7,34,444,7110,1/1/2019,,,,,,,,
878003,12/31/2018,2/3/2019,546,Tierkidi,Ethiopia,Post-emergency,,212,5,,100,19,310,1343,73881,1/1/2019,,,,,,,,
820005,12/31/2018,2/3/2019,540,Tongo,Ethiopia,Post-emergency,,88,12,,100,9,5,872,12219,1/1/2019,,,,,,,,
820206,12/31/2018,2/3/2019,496,Tsore Camp (Assosa),Ethiopia,Post-emergency,,101,25,,100,7,11,688,13076,1/1/2019,,,,,,,,
1625522,12/31/2018,2/3/2019,670,Fetentaa,Ghana,Post-emergency,,61,36,67,0,10,39,94,948,1/1/2019,,,,,,,,
1402109,12/31/2018,2/3/2019,445,Arbat,Iraq,Post-emergency,,4,87,100,100,4,4,,8940,1/1/2019,,,,,,,,
2825486,12/31/2018,2/3/2019,446,Basirma,Iraq,Post-emergency,,5,80,100,100,5,4,954,2863,1/1/2019,,,,,,,,
2602182,12/31/2018,2/3/2019,442,Kawergosk,Iraq,Post-emergency,,4,80,100,100,4,4,973,7788,1/1/2019,,,,,,,,
2817838,12/31/2018,2/3/2019,444,Qushtapa,Iraq,Post-emergency,,4,78,100,100,4,4,903,8128,1/1/2019,,,,,,,,
4387613,12/31/2018,2/3/2019,517,Kakuma,Kenya,Post-emergency,,107,20,,74,17,,4712,188513,1/1/2019,,,,,,,,
777319,12/31/2018,2/3/2019,696,Abala,Niger,Post-emergency,,234,14,,,59,70,15692,15692,1/1/2019,,,,,,,,
763759,12/31/2018,2/3/2019,472,Ayourou,Niger,Post-emergency,,437,17,,,3,2,473,473,1/1/2019,,,,,,,,
777382,12/31/2018,2/3/2019,419,Intékan,Niger,Post-emergency,,128,12,50,50,57,71,9052,18104,1/1/2019,,,,,,,,
776953,12/31/2018,2/3/2019,694,Mangaizé,Niger,Post-emergency,,247,11,,,81,52,6924,6924,1/1/2019,,,,,,,,
652454,12/31/2018,2/3/2019,3926,Sayam Forage Camp,Niger,Post-emergency,,194,12,100,60,31,95,2324,13944,1/1/2019,,,,,,,,
808830,12/31/2018,2/3/2019,697,Tabareybarey,Niger,Post-emergency,,,14,,,33,53,10555,10555,1/1/2019,,,,,,,,
661384,12/31/2018,2/3/2019,686,Ajoung Thok,South Sudan,Post-emergency,5429,73,27,100,85,7,,314,38007,1/1/2019,,,,,,,,
909025,12/31/2018,2/3/2019,680,Doro,South Sudan,Post-emergency,3516,101,22,,,16,,274,59772,1/1/2019,,,,,,,,
909026,12/31/2018,2/3/2019,681,Gendrassa,South Sudan,Post-emergency,1095,133,22,,,8,,273,17526,1/1/2019,,,,,,,,
909151,12/31/2018,2/3/2019,682,Kaya,South Sudan,Post-emergency,,65,20,,,12,,181,22918,1/1/2019,,,,,,,,
661455,12/31/2018,2/3/2019,3886,Pamir,South Sudan,Post-emergency,5758,81,19,,78,10,,423,28791,1/1/2019,,,,,,,,
908888,12/31/2018,2/3/2019,678,Yusuf Batil,South Sudan,Post-emergency,6476,91,20,,,13,,390,45333,1/1/2019,,,,,,,,
763659,12/31/2018,2/3/2019,552,Adjumani,Uganda,Post-emergency,782,331,16,100,100,8,,978,203449,1/1/2019,,,,,,,,
804957,12/31/2018,2/3/2019,557,Ikafe,Uganda,Post-emergency,1930,273,16,,,7,7,1272,223939,1/1/2019,,,,,,,,
736139,12/31/2018,2/3/2019,549,Imvepi,Uganda,Post-emergency,,,,,,,,,,1/1/2019,,,,,,,,
789793,12/31/2018,2/3/2019,553,Kyangwali,Uganda,Emergency,,,12,,,5,,,89281,1/1/2019,,,,,,,,
621837,12/31/2018,2/3/2019,558,Nakivale,Uganda,Post-emergency,3254,904,15,,71,5,22,368,97645,1/1/2019,,,,,,,,
622055,12/31/2018,2/3/2019,555,Oruchinga,Uganda,Post-emergency,754,754,13,,,5,5,279,7272,1/1/2019,,,,,,,,
741257,12/31/2018,2/3/2019,548,Rhino Camp,Uganda,Post-emergency,,478,0,,,,,,40664,1/1/2019,,,,,,,,
736631,12/31/2018,2/3/2019,559,Rwamwanja,Uganda,Post-emergency,742,1327,13,100,100,6,11,350,65542,1/1/2019,,,,,,,,
528057,1/20/2019,1/20/2019,475,Arua,Uganda,Post-emergency,1164,336,7,91,34,6,17,399,153858,1/1/2019,,,,,,,,
878001,1/7/2019,1/13/2019,531,Awbarre,Ethiopia,Post-emergency,,112,21,,0,6,11,693,11782,1/1/2019,,,,,,,,
878004,1/7/2019,1/13/2019,532,Sheder,Ethiopia,Post-emergency,,,0,,,,,,10449,1/1/2019,,,,,,,,
1758279,1/1/2018,12/31/2018,569,Kutupalong,Bangladesh,,,,,,,,,,,,16.6,36.5,98.5,8,98.7,84.9,21.2,0000-00-00
1758288,1/1/2018,12/31/2018,570,NayaparaRC,Bangladesh,,,,,,,,,,,,16.6,36.5,98.5,8,98.7,84.9,21.2,12/3/2018
827243,1/1/2018,12/31/2018,572,Amboko,Chad,,,,,,,,,,,,26,100,99,55,91,71,75,11/1/2018
827244,1/1/2018,12/31/2018,573,Amnabak,Chad,,,,,,,,,,,,13,100,100,77,85,80,32,11/1/2018
827537,1/1/2018,12/31/2018,600,Belom,Chad,,,,,,,,,,,,31,100,92,85,91,65,36,11/1/2018
827245,1/1/2018,12/31/2018,574,Bredjing,Chad,,,,,,,,,,,,16,100,98,90,93,62,82,11/1/2018
827242,1/1/2018,12/31/2018,484,Dar Es Salam,Chad,,,,,,,,,,,,29,100,99,92,99,31,58,11/1/2018
827434,1/1/2018,12/31/2018,575,Djabal,Chad,,,,,,,,,,,,22,100,100,88,92,66,64,11/1/2018
827241,1/1/2018,12/31/2018,483,Doholo,Chad,,,,,,,,,,,,30,100,100,85,97,55,81,11/1/2018
827446,1/1/2018,12/31/2018,576,Dosseye,Chad,,,,,,,,,,,,31,100,100,78,81,63,84,11/1/2018
827447,1/1/2018,12/31/2018,577,Farchana,Chad,,,,,,,,,,,,13,100,60,87,92,67,87,11/1/2018
827491,1/1/2018,12/31/2018,578,Gaga,Chad,,,,,,,,,,,,16,100,59,91,92,49,78,11/1/2018
827492,1/1/2018,12/31/2018,579,Gondje,Chad,,,,,,,,,,,,34,100,100,52,80,75,59,11/1/2018
827505,1/1/2018,12/31/2018,580,Goz Amer,Chad,,,,,,,,,,,,20,100,98,70,87,86,87,11/1/2018
827506,1/1/2018,12/31/2018,581,Iridimi,Chad,,,,,,,,,,,,16,100,97,83,84,76,43,11/1/2018
827240,1/1/2018,12/31/2018,482,Kerfi,Chad,,,,,,,,,,,,42,100,100,75,100,50,75,11/1/2018
827530,1/1/2018,12/31/2018,582,Kounoungou,Chad,,,,,,,,,,,,16,100,99,96,99,85,79,11/1/2018
827532,1/1/2018,12/31/2018,583,Mile,Chad,,,,,,,,,,,,15,100,100,95,97,85,82,11/1/2018
827536,1/1/2018,12/31/2018,599,Moyo,Chad,,,,,,,,,,,,43,100,100,54,78,53,90,11/1/2018
827533,1/1/2018,12/31/2018,584,Oure Cassoni,Chad,,,,,,,,,,,,17,100,99,89,93,66,50,11/1/2018
827534,1/1/2018,12/31/2018,585,Touloum,Chad,,,,,,,,,,,,16,100,89,65,85,80,61,11/1/2018
827535,1/1/2018,12/31/2018,586,Treguine,Chad,,,,,,,,,,,,15,100,31,89,92,53,74,11/1/2018
1624581,1/1/2018,12/31/2018,494,Jewi,Ethiopia,,,,,,,,,,,,13.04,96,100,97,100,,93,9/1/2018
1624583,1/1/2018,12/31/2018,4015,Ngueyyiel,Ethiopia,,,,,,,,,,,,14,59,100,83,86,48,47,11/1/2018
1304698,1/1/2018,12/31/2018,445,Arbat,Iraq,,,,,,,,,,,,100,100,77.68,100,100,,100,12/31/2018
1321365,1/1/2018,12/31/2018,427,Azraq,Jordan,,,,,,,,,,,,22.5,,84,,99,100,96,
1321769,1/1/2018,12/31/2018,518,Dagahaley,Kenya,,,,,,,,,,,,15,,100,94.3,96.4,78,68,3/18/2018
1321767,1/1/2018,12/31/2018,519,Hagadera,Kenya,,,,,,,,,,,,13,,100,94.3,96.4,81,83,3/18/2018
1321768,1/1/2018,12/31/2018,520,Ifo,Kenya,,,,,,,,,,,,27.5,,100,94.3,96.4,73,79,3/18/2018
1422891,1/1/2018,12/31/2018,517,Kakuma,Kenya,,,,,,,,,,,,21.8,,96.2,,97.3,94.2,,11/1/2018
3151320,1/1/2018,12/31/2018,313,Dzaleka,Malawi,,,,,,,,,,,,23.1,35.7,100,71,100,79,71,3/15/2018
1255248,1/1/2018,12/31/2018,696,Abala,Niger,,,,,,,,,,,,14.8,26.51,100,14.46,4,45,5,12/27/2018
1255247,1/1/2018,12/31/2018,694,Mangaizé,Niger,,,,,,,,,,,,24.4,40.38,96,10.9,11,44,6,12/21/2018
1256805,1/1/2018,12/31/2018,3926,Sayam Forage Camp,Niger,,,,,,,,,,,,37,59.2,100,0,92,92,69,8/10/2018
1256804,1/1/2018,12/31/2018,697,Tabareybarey,Niger,,,,,,,,,,,,12,34.57,100,20.99,,14,62,12/27/2018
1321771,1/1/2018,12/31/2018,629,Kigeme,Rwanda,,,,,,,,,,,,10.75,,94,1,93,100,99,12/1/2018
1321770,1/1/2018,12/31/2018,630,Mugombwa,Rwanda,,,,,,,,,,,,19.5,,95.41,2.6,93,100,97.95,12/1/2018
2147362,1/1/2018,12/31/2018,3886,Pamir,South Sudan,,,,,,,,,,,,20.57,97,100,44,56,51,39,11/1/2018
1674012,1/1/2018,12/31/2018,549,Imvepi,Uganda,,,,,,,,,,,,14.7,,99.3,,,82.5,66.1,6/1/2018
623240,1/1/2018,12/31/2018,554,Kyaka II,Uganda,,,,,,,,,,,,13.8,99.4,91.6,67.2,99.5,34.2,53.5,11/21/2018
1674000,1/1/2018,12/31/2018,553,Kyangwali,Uganda,,,,,,,,,,,,14.2,64.3,92.4,63.3,70.6,53.4,21.1,12/1/2018
260087,1/1/2018,12/31/2018,555,Oruchinga,Uganda,,,,,,,,,,,,22,73,92,98,83,69,70,11/11/2018
1456543,1/1/2018,12/31/2018,559,Rwamwanja,Uganda,,,,,,,,,,,,6.1,30.2,96.9,93.3,90.4,73.7,46.1,12/7/2018
708275,12/3/2018,12/30/2018,572,Amboko,Chad,Post-emergency,481,,24,100,96,6,6,2215,11078,12/1/2018,,,,,,,,
708276,12/3/2018,12/30/2018,573,Amnabak,Chad,Post-emergency,,241,11,80,100,18,18,4592,22964,12/1/2018,,,,,,,,
708347,12/3/2018,12/30/2018,600,Belom,Chad,Post-emergency,515,,29,91,,7,6,2835,22686,12/1/2018,,,,,,,,
708277,12/3/2018,12/30/2018,574,Bredjing,Chad,Post-emergency,,214,14,100,100,11,10,4734,47347,12/1/2018,,,,,,,,
708091,12/3/2018,12/30/2018,484,Dar Es Salam,Chad,Post-emergency,424,,27,100,100,16,22,637,7648,12/1/2018,,,,,,,,
708278,12/3/2018,12/30/2018,575,Djabal,Chad,Post-emergency,,213,20,100,100,10,10,4620,23104,12/1/2018,,,,,,,,
707769,12/3/2018,12/30/2018,483,Doholo,Chad,Post-emergency,554,,28,100,100,6,6,1330,6653,12/1/2018,,,,,,,,
708279,12/3/2018,12/30/2018,576,Dosseye,Chad,Post-emergency,403,,29,93,,6,5,2019,16156,12/1/2018,,,,,,,,
708280,12/3/2018,12/30/2018,577,Farchana,Chad,Post-emergency,,157,11,100,100,8,7,4221,29552,12/1/2018,,,,,,,,
708281,12/3/2018,12/30/2018,578,Gaga,Chad,Post-emergency,,190,14,100,100,8,8,4328,25970,12/1/2018,,,,,,,,
708282,12/3/2018,12/30/2018,579,Gondje,Chad,Post-emergency,366,,32,92,,7,7,1833,9165,12/1/2018,,,,,,,,
708339,12/3/2018,12/30/2018,580,Goz Amer,Chad,Post-emergency,832,,18,88,83,9,8,4995,34971,12/1/2018,,,,,,,,
708340,12/3/2018,12/30/2018,581,Iridimi,Chad,Post-emergency,,163,14,100,100,12,12,3437,20624,12/1/2018,,,,,,,,
707657,12/3/2018,12/30/2018,482,Kerfi,Chad,Post-emergency,225,,40,100,83,6,6,270,1350,12/1/2018,,,,,,,,
708341,12/3/2018,12/30/2018,582,Kounoungou,Chad,Post-emergency,3908,361,14,100,100,12,12,3908,19540,12/1/2018,,,,,,,,
708342,12/3/2018,12/30/2018,583,Mile,Chad,Post-emergency,,245,13,100,100,15,15,4128,20640,12/1/2018,,,,,,,,
708346,12/3/2018,12/30/2018,599,Moyo,Chad,Post-emergency,364,,41,91,,6,5,1675,8379,12/1/2018,,,,,,,,
708343,12/3/2018,12/30/2018,584,Oure Cassoni,Chad,Post-emergency,,202,15,100,100,8,8,6077,30386,12/1/2018,,,,,,,,
708344,12/3/2018,12/30/2018,585,Touloum,Chad,Post-emergency,,294,14,100,100,13,14,4172,25034,12/1/2018,,,,,,,,
708345,12/3/2018,12/30/2018,586,Treguine,Chad,Post-emergency,1196,,13,86,,7,7,4187,25127,12/1/2018,,,,,,,,
649415,12/3/2018,12/30/2018,427,Azraq,Jordan,Post-emergency,,33,37,,100,14,13,,40615,12/1/2018,,,,,,,,
650170,12/3/2018,12/30/2018,403,Za'atri,Jordan,Post-emergency,,4,33,100,100,4,4,,78605,12/1/2018,,,,,,,,
1005223,12/3/2018,12/30/2018,631,Mahama,Rwanda,Post-emergency,,87,20,100,100,18,17,487,58552,12/1/2018,,,,,,,,
303776,12/3/2018,12/30/2018,473,Jammam,South Sudan,Post-emergency,,,,,,,,,,12/1/2018,,,,,,,,
533940,12/3/2018,12/30/2018,557,Ikafe,Uganda,Post-emergency,2092,309,15,,,7,7,603,223939,12/1/2018,,,,,,,,
623238,12/3/2018,12/30/2018,554,Kyaka II,Uganda,Emergency,,,14,,,9,17,,76800,12/1/2018,,,,,,,,
440557,12/3/2018,12/30/2018,558,Nakivale,Uganda,Post-emergency,3254,904,16,81,49,5,22,368,97645,12/1/2018,,,,,,,,
439832,12/3/2018,12/30/2018,555,Oruchinga,Uganda,Post-emergency,821,821,21,89,88,5,5,258,6986,12/1/2018,,,,,,,,
583327,12/3/2018,12/30/2018,559,Rwamwanja,Uganda,Post-emergency,737,1142,14,,100,6,11,347,65071,12/1/2018,,,,,,,,
425810,12/17/2018,12/23/2018,553,Kyangwali,Uganda,Post-emergency,749,,14,,,12,,749,86220,12/1/2018,,,,,,,,
307516,12/10/2018,12/16/2018,558,Nakivale,Uganda,Post-emergency,3254,904,16,81,49,5,9,368,97645,12/1/2018,,,,,,,,
303953,12/3/2018,12/9/2018,555,Oruchinga,Uganda,Post-emergency,821,821,21,89,88,5,8,258,6986,12/1/2018,,,,,,,,
373970,10/29/2018,12/2/2018,463,Auserd,Algeria,Post-emergency,,198,16,100,89,4,3,642,18638,11/1/2018,,,,,,,,
373978,10/29/2018,12/2/2018,464,Boujdour,Algeria,Post-emergency,,,29,100,57,5,4,331,9601,11/1/2018,,,,,,,,
373979,10/29/2018,12/2/2018,465,Dakhla,Algeria,Post-emergency,,95,74,,,5,4,374,10870,11/1/2018,,,,,,,,
390882,10/29/2018,12/2/2018,572,Amboko,Chad,Post-emergency,482,,24,91,,6,6,2217,11088,11/1/2018,,,,,,,,
391151,10/29/2018,12/2/2018,573,Amnabak,Chad,Post-emergency,4620,256,11,100,100,18,18,4620,23102,11/1/2018,,,,,,,,
390885,10/29/2018,12/2/2018,600,Belom,Chad,Post-emergency,515,,30,91,,7,6,2835,22681,11/1/2018,,,,,,,,
390887,10/29/2018,12/2/2018,574,Bredjing,Chad,Post-emergency,,221,14,100,100,11,10,4705,47059,11/1/2018,,,,,,,,
391149,10/29/2018,12/2/2018,575,Djabal,Chad,Post-emergency,,211,20,100,100,10,9,4560,22802,11/1/2018,,,,,,,,
390881,10/29/2018,12/2/2018,483,Doholo,Chad,Post-emergency,665,,25,100,,6,6,1330,6653,11/1/2018,,,,,,,,
390883,10/29/2018,12/2/2018,576,Dosseye,Chad,Post-emergency,404,,29,93,,6,6,2022,16182,11/1/2018,,,,,,,,
390884,10/29/2018,12/2/2018,579,Gondje,Chad,Post-emergency,366,,32,92,,7,7,1833,9169,11/1/2018,,,,,,,,
391150,10/29/2018,12/2/2018,580,Goz Amer,Chad,Post-emergency,834,,18,100,100,9,8,5007,35050,11/1/2018,,,,,,,,
391152,10/29/2018,12/2/2018,581,Iridimi,Chad,Post-emergency,,163,14,100,100,12,12,3443,20662,11/1/2018,,,,,,,,
391148,10/29/2018,12/2/2018,482,Kerfi,Chad,Post-emergency,298,,30,67,,8,8,357,1789,11/1/2018,,,,,,,,
390886,10/29/2018,12/2/2018,599,Moyo,Chad,Post-emergency,364,,39,96,,6,5,1676,8380,11/1/2018,,,,,,,,
391169,10/29/2018,12/2/2018,584,Oure Cassoni,Chad,Post-emergency,,202,15,100,100,8,8,6074,30372,11/1/2018,,,,,,,,
391153,10/29/2018,12/2/2018,585,Touloum,Chad,Post-emergency,,294,14,100,100,13,14,4174,25046,11/1/2018,,,,,,,,
391147,10/29/2018,12/2/2018,586,Treguine,Chad,Post-emergency,1193,,13,86,,7,7,4177,25062,11/1/2018,,,,,,,,
649414,10/29/2018,12/2/2018,427,Azraq,Jordan,Post-emergency,,,40,100,100,14,13,,40489,11/1/2018,,,,,,,,
650169,10/29/2018,12/2/2018,403,Za'atri,Jordan,Post-emergency,,4,35,100,100,4,4,,78559,11/1/2018,,,,,,,,
303089,10/29/2018,12/2/2018,508,Mtendeli,Tanzania,Post-emergency,,82,27,,100,7,148,1240,37205,11/1/2018,,,,,,,,
405738,10/29/2018,12/2/2018,553,Kyangwali,Uganda,,,,,,,,,,,,14.2,64.3,92.4,63.3,70.6,53.4,21.1,11/5/2018
533939,11/26/2018,12/2/2018,553,Kyangwali,Uganda,Post-emergency,749,,14,,,,,,86220,11/1/2018,,,,,,,,
260086,11/28/2018,11/28/2018,558,Nakivale,Uganda,,,,,,,,,,,,17,96,87,92,74,72,71,11/1/2018
649413,10/1/2018,10/28/2018,427,Azraq,Jordan,Post-emergency,,,48,,100,14,13,,40712,10/1/2018,,,,,,,,
650168,10/1/2018,10/28/2018,403,Za'atri,Jordan,Post-emergency,,4,35,100,100,4,4,,78406,10/1/2018,,,,,,,,
243771,10/1/2018,10/28/2018,554,Kyaka II,Uganda,Emergency,,,15,,,8,14,,63094,10/1/2018,,,,,,,,
649412,9/3/2018,9/30/2018,427,Azraq,Jordan,Post-emergency,,3408,51,100,100,14,13,,40901,9/1/2018,,,,,,,,
650167,9/3/2018,9/30/2018,403,Za'atri,Jordan,Post-emergency,,4,37,100,100,4,4,,78357,9/1/2018,,,,,,,,
649411,7/30/2018,9/2/2018,427,Azraq,Jordan,Post-emergency,,3408,50,,100,14,13,,40901,8/1/2018,,,,,,,,
649731,7/30/2018,9/2/2018,403,Za'atri,Jordan,Post-emergency,,4,30,,100,4,4,,78609,8/1/2018,,,,,,,,
649410,7/2/2018,7/29/2018,427,Azraq,Jordan,Post-emergency,,33,52,,100,14,1393,,40408,7/1/2018,,,,,,,,
649730,7/2/2018,7/29/2018,403,Za'atri,Jordan,Post-emergency,,4,32,100,100,4,4,,78551,7/1/2018,,,,,,,,
649408,6/4/2018,7/1/2018,427,Azraq,Jordan,Post-emergency,,33,50,100,100,14,1382,,40092,6/1/2018,,,,,,,,
649729,6/4/2018,7/1/2018,403,Za'atri,Jordan,Post-emergency,,4,35,100,100,4,4,,78552,6/1/2018,,,,,,,,
649407,4/30/2018,6/3/2018,427,Azraq,Jordan,Post-emergency,,34,44,,100,15,14,,41103,5/1/2018,,,,,,,,
649728,4/30/2018,6/3/2018,403,Za'atri,Jordan,Post-emergency,,4,36,,100,4,4,,78545,5/1/2018,,,,,,,,
649406,4/2/2018,4/29/2018,427,Azraq,Jordan,Post-emergency,,,44,,100,14,14,,41505,4/1/2018,,,,,,,,
649727,4/2/2018,4/29/2018,403,Za'atri,Jordan,Post-emergency,,4,35,100,100,4,4,,78658,4/1/2018,,,,,,,,
648729,2/26/2018,4/1/2018,427,Azraq,Jordan,Post-emergency,,38,38,100,100,16,15,,46908,3/1/2018,,,,,,,,
649726,2/26/2018,4/1/2018,403,Za'atri,Jordan,Post-emergency,,4,36,100,100,4,4,,78804,3/1/2018,,,,,,,,
3151432,2/26/2018,4/1/2018,4067,Mantapala,Zambia,Emergency,,,19,,,49,,,2170,3/1/2018,,,,,,,,
3151431,2/26/2018,4/1/2018,642,Mayukwayukwa,Zambia,Post-emergency,206,,23,42,,17,,171,11982,3/1/2018,,,,,,,,
3151341,2/26/2018,4/1/2018,641,Meheba,Zambia,Post-emergency,159,,17,27,,38,,833,19997,3/1/2018,,,,,,,,
648727,1/29/2018,2/25/2018,427,Azraq,Jordan,Post-emergency,,44,27,100,100,18,1860,,53967,2/1/2018,,,,,,,,
649465,1/29/2018,2/25/2018,403,Za'atri,Jordan,Post-emergency,,4,36,,,4,4,,78989,2/1/2018,,,,,,,,
648726,1/1/2018,1/28/2018,427,Azraq,Jordan,Post-emergency,,44,25,100,100,18,1854,,53782,1/1/2018,,,,,,,,
649420,1/1/2018,1/28/2018,403,Za'atri,Jordan,Post-emergency,,4,36,100,100,4,4,,78994,1/1/2018,,,,,,,,
1595158,1/1/2017,12/31/2017,572,Amboko,Chad,,,,,,,,,,,,42,,100,76,83,85,,
1595117,1/1/2017,12/31/2017,573,Amnabak,Chad,,,,,,,,,,,,11,,90,35,93,81,,
1595159,1/1/2017,12/31/2017,600,Belom,Chad,,,,,,,,,,,,45,,99,65.3,82,85,,
1595076,1/1/2017,12/31/2017,574,Bredjing,Chad,,,,,,,,,,,,12.5,,99,50,41,93,,
1595166,1/1/2017,12/31/2017,484,Dar Es Salam,Chad,,,,,,,,,,,,30,,100,23.16,68,75,,
1595153,1/1/2017,12/31/2017,575,Djabal,Chad,,,,,,,,,,,,20,,100,45,91,66,,
1595165,1/1/2017,12/31/2017,483,Doholo,Chad,,,,,,,,,,,,49,,100,73,80,80,,
1595160,1/1/2017,12/31/2017,576,Dosseye,Chad,,,,,,,,,,,,54,,100,67,80,83,,
1595110,1/1/2017,12/31/2017,577,Farchana,Chad,,,,,,,,,,,,16,,100,47,46,98,,
1595116,1/1/2017,12/31/2017,578,Gaga,Chad,,,,,,,,,,,,15.5,,100,50,50,97,,
1595163,1/1/2017,12/31/2017,579,Gondje,Chad,,,,,,,,,,,,52,,99,67.66,72,75,,
1595154,1/1/2017,12/31/2017,580,Goz Amer,Chad,,,,,,,,,,,,20,,93,47,86,71,,
1595149,1/1/2017,12/31/2017,581,Iridimi,Chad,,,,,,,,,,,,14,,99,32,88,76,,
1595155,1/1/2017,12/31/2017,482,Kerfi,Chad,,,,,,,,,,,,36,,100,34,,,,
1595151,1/1/2017,12/31/2017,582,Kounoungou,Chad,,,,,,,,,,,,17,,100,36.4,99,77,,
1595150,1/1/2017,12/31/2017,583,Mile,Chad,,,,,,,,,,,,13,,100,42,88,76,,
1595164,1/1/2017,12/31/2017,599,Moyo,Chad,,,,,,,,,,,,38,,99,66.83,84,80,,
1595152,1/1/2017,12/31/2017,584,Oure Cassoni,Chad,,,,,,,,,,,,17,,100,44.1,96,74,,
1595118,1/1/2017,12/31/2017,585,Touloum,Chad,,,,,,,,,,,,13,,97,35.8,78,84,,
1595077,1/1/2017,12/31/2017,586,Treguine,Chad,,,,,,,,,,,,11,,90,65,63,96,,
1324737,1/1/2017,12/31/2017,538,Adi Harush,Ethiopia,,,,,,,,,,,,6.7,73.6,98.3,90.2,93.6,97.7,91,12/19/2017
1624585,1/1/2017,12/31/2017,527,Fugnido,Ethiopia,,,,,,,,,,,,14.3,,100,,86,54,23,12/15/2017
1624586,1/1/2017,12/31/2017,497,Fugnido 2,Ethiopia,,,,,,,,,,,,20.7,,100,,97,74,45,1/15/2017
1217159,1/1/2017,12/31/2017,435,Hitsats,Ethiopia,,,,,,,,,,,,11.8,38.6,77,74,93,95.9,98.8,12/24/2017
1624584,1/1/2017,12/31/2017,450,Kule,Ethiopia,,,,,,,,,,,,9.4,,100,93,94,66,48,12/15/2017
1325264,1/1/2017,12/31/2017,534,Mai Aini,Ethiopia,,,,,,,,,,,,10.7,76.5,99.5,85,87,99,98,12/27/2017
1624582,1/1/2017,12/31/2017,4015,Ngueyyiel,Ethiopia,,,,,,,,,,,,11.9,49.4,100,7,59,86,16,5/3/2017
1325691,1/1/2017,12/31/2017,529,Shimelba,Ethiopia,,,,,,,,,,,,26.9,,100,80,97,100,77,12/29/2017
1624614,1/1/2017,12/31/2017,546,Tierkidi,Ethiopia,,,,,,,,,,,,10.8,,100,92,95,57,60,12/15/2017
1304699,1/1/2017,12/31/2017,445,Arbat,Iraq,,,,,,,,,,,,100,100,74.8,100,100,,100,12/31/2017
1321364,1/1/2017,12/31/2017,427,Azraq,Jordan,,,,,,,,,,,,,,96,,100,100,,1/31/2017
1321554,1/1/2017,12/31/2017,518,Dagahaley,Kenya,,,,,,,,,,,,35.8,,99,,67,82,29,3/31/2017
1321553,1/1/2017,12/31/2017,520,Ifo,Kenya,,,,,,,,,,,,35.8,,99,,67,82,29,3/31/2017
1255249,1/1/2017,12/31/2017,3926,Sayam Forage Camp,Niger,,,,,,,,,,,,28.7,80,10,94,70,70,89,12/28/2017
2147359,1/1/2017,12/31/2017,686,Ajoung Thok,South Sudan,,,,,,,,,,,,19,,100,77.83,79,54,,11/1/2017
2147360,1/1/2017,12/31/2017,3886,Pamir,South Sudan,,,,,,,,,,,,20,,100,60.55,74,64,,11/1/2017
1261666,1/1/2016,12/31/2016,463,Auserd,Algeria,,,,,,,,,,,,11,89,98,96,97,79,98,11/5/2016
1261667,1/1/2016,12/31/2016,464,Boujdour,Algeria,,,,,,,,,,,,10,89,98,96,97,79,98,11/5/2016
1261752,1/1/2016,12/31/2016,465,Dakhla,Algeria,,,,,,,,,,,,45,89,98,96,97,79,98,11/5/2016
1262113,1/1/2016,12/31/2016,466,Layounne,Algeria,,,,,,,,,,,,8,89,98,96,97,79,98,11/5/2016
1262133,1/1/2016,12/31/2016,467,Smara,Algeria,,,,,,,,,,,,24,89,98,96,97,79,98,11/5/2016
1324739,1/1/2016,12/31/2016,538,Adi Harush,Ethiopia,,,,,,,,,,,,14.6,,98,,89,97,86,12/31/2016
1325265,1/1/2016,12/31/2016,534,Mai Aini,Ethiopia,,,,,,,,,,,,15.4,,,81,,,93,12/31/2016
1321363,1/1/2016,12/31/2016,427,Azraq,Jordan,,,,,,,,,,,,,,96,,99,100,,1/31/2016
1736582,1/1/2016,12/31/2016,696,Abala,Niger,,,,,,,,,,,,20.3,22.97,100,13.51,71,55,80,12/7/2016
1324691,1/1/2016,12/31/2016,419,Intékan,Niger,,,,,,,,,,,,80.58,100,0.97,64,29,29,14,11/26/2016
1736583,1/1/2016,12/31/2016,694,Mangaizé,Niger,,,,,,,,,,,,15.8,44.83,94,17.24,76,52,85,12/7/2016
1322994,1/1/2016,12/31/2016,697,Tabareybarey,Niger,,,,,,,,,,,,16.9,46.08,100,1.47,91,50,81,12/7/2016
1325515,1/1/2015,12/31/2015,534,Mai Aini,Ethiopia,,,,,,,,,,,,15.19,,,89,,,97,12/31/2015
1321362,1/1/2015,12/31/2015,403,Za'atri,Jordan,,,,,,,,,,,,34.37,,51,,,97,98,
1321380,1/1/2015,12/31/2015,518,Dagahaley,Kenya,,,,,,,,,,,,,,99.5,69.8,87.9,,56,3/1/2015
1321379,1/1/2015,12/31/2015,520,Ifo,Kenya,,,,,,,,,,,,,,99.5,69.8,87.6,,56,3/1/2015
,,,,,,,,,,,,,,,,,,,,,,,,
Emergency status total,31,,,,,,,,,,,,,,,,,,,,,,,
Post-emergency status total,660,,,,,,,,,,,,,,,,,,,,,,,
